batsman,bowler,total_runs,total_balls,dismissals,strike_rate,dismissal_rate,batting_hand,bowling_style,venue
0,52,21,20,0,105.0,0.0,1,6,2
0,52,21,20,0,105.0,0.0,1,6,4
0,52,21,20,0,105.0,0.0,1,6,9
0,55,43,25,1,172.0,4.0,1,10,0
0,55,43,25,1,172.0,4.0,1,10,2
0,70,28,28,1,100.0,3.57,1,8,2
0,70,28,28,1,100.0,3.57,1,8,13
0,70,28,28,1,100.0,3.57,1,8,19
0,75,30,31,3,96.77,9.68,1,11,2
0,75,30,31,3,96.77,9.68,1,11,7
0,75,30,31,3,96.77,9.68,1,11,13
0,81,38,20,0,190.0,0.0,1,3,4
0,81,38,20,0,190.0,0.0,1,3,16
0,84,23,22,2,104.55,9.09,1,10,10
0,84,23,22,2,104.55,9.09,1,10,17
1,10,62,28,0,221.43,0.0,1,9,3
1,10,62,28,0,221.43,0.0,1,9,7
1,10,62,28,0,221.43,0.0,1,9,13
1,67,30,22,0,136.36,0.0,1,4,7
1,67,30,22,0,136.36,0.0,1,4,19
1,67,30,22,0,136.36,0.0,1,4,20
1,68,21,26,0,80.77,0.0,1,8,7
1,68,21,26,0,80.77,0.0,1,8,15
1,68,21,26,0,80.77,0.0,1,8,19
1,81,41,25,0,164.0,0.0,1,3,3
1,81,41,25,0,164.0,0.0,1,3,7
1,81,41,25,0,164.0,0.0,1,3,10
1,81,41,25,0,164.0,0.0,1,3,13
1,81,41,25,0,164.0,0.0,1,3,16
2,8,29,24,2,120.83,8.33,1,3,2
2,8,29,24,2,120.83,8.33,1,3,4
2,8,29,24,2,120.83,8.33,1,3,8
2,8,29,24,2,120.83,8.33,1,3,11
2,8,29,24,2,120.83,8.33,1,3,16
2,15,75,48,2,156.25,4.17,1,8,3
2,15,75,48,2,156.25,4.17,1,8,6
2,15,75,48,2,156.25,4.17,1,8,7
2,15,75,48,2,156.25,4.17,1,8,13
2,15,75,48,2,156.25,4.17,1,8,16
2,17,24,20,0,120.0,0.0,1,9,2
2,17,24,20,0,120.0,0.0,1,9,6
2,17,24,20,0,120.0,0.0,1,9,10
2,17,24,20,0,120.0,0.0,1,9,16
2,17,24,20,0,120.0,0.0,1,9,19
2,20,26,20,1,130.0,5.0,1,10,2
2,20,26,20,1,130.0,5.0,1,10,4
2,20,26,20,1,130.0,5.0,1,10,16
2,38,32,21,1,152.38,4.76,1,0,0
2,38,32,21,1,152.38,4.76,1,0,3
2,38,32,21,1,152.38,4.76,1,0,16
2,39,41,25,1,164.0,4.0,1,6,2
2,39,41,25,1,164.0,4.0,1,6,4
2,39,41,25,1,164.0,4.0,1,6,9
2,39,41,25,1,164.0,4.0,1,6,19
2,45,43,32,1,134.38,3.12,1,11,10
2,45,43,32,1,134.38,3.12,1,11,16
2,45,43,32,1,134.38,3.12,1,11,17
2,46,26,20,0,130.0,0.0,1,1,2
2,46,26,20,0,130.0,0.0,1,1,5
2,46,26,20,0,130.0,0.0,1,1,10
2,52,43,30,0,143.33,0.0,1,6,2
2,52,43,30,0,143.33,0.0,1,6,14
2,52,43,30,0,143.33,0.0,1,6,16
2,52,43,30,0,143.33,0.0,1,6,18
2,52,43,30,0,143.33,0.0,1,6,19
2,67,27,24,0,112.5,0.0,1,4,10
2,67,27,24,0,112.5,0.0,1,4,13
2,67,27,24,0,112.5,0.0,1,4,16
2,68,24,24,1,100.0,4.17,1,8,4
2,68,24,24,1,100.0,4.17,1,8,16
2,68,24,24,1,100.0,4.17,1,8,20
2,70,27,25,0,108.0,0.0,1,8,2
2,70,27,25,0,108.0,0.0,1,8,14
2,70,27,25,0,108.0,0.0,1,8,18
2,70,27,25,0,108.0,0.0,1,8,19
2,75,47,54,1,87.04,1.85,1,11,3
2,75,47,54,1,87.04,1.85,1,11,6
2,75,47,54,1,87.04,1.85,1,11,7
2,75,47,54,1,87.04,1.85,1,11,10
2,75,47,54,1,87.04,1.85,1,11,13
2,75,47,54,1,87.04,1.85,1,11,16
2,92,18,20,1,90.0,5.0,1,2,9
2,92,18,20,1,90.0,5.0,1,2,14
2,92,18,20,1,90.0,5.0,1,2,16
2,92,18,20,1,90.0,5.0,1,2,19
3,10,15,22,1,68.18,4.55,1,9,10
3,10,15,22,1,68.18,4.55,1,9,13
3,10,15,22,1,68.18,4.55,1,9,16
3,65,23,24,2,95.83,8.33,1,11,7
3,65,23,24,2,95.83,8.33,1,11,10
3,65,23,24,2,95.83,8.33,1,11,17
3,80,29,20,0,145.0,0.0,1,8,7
4,9,25,23,0,108.7,0.0,0,6,2
4,9,25,23,0,108.7,0.0,0,6,17
4,15,12,25,1,48.0,4.0,0,8,0
4,15,12,25,1,48.0,4.0,0,8,5
4,15,12,25,1,48.0,4.0,0,8,7
4,29,32,21,1,152.38,4.76,0,6,0
4,29,32,21,1,152.38,4.76,0,6,3
4,29,32,21,1,152.38,4.76,0,6,19
4,59,36,23,2,156.52,8.7,0,5,0
4,59,36,23,2,156.52,8.7,0,5,10
4,59,36,23,2,156.52,8.7,0,5,14
4,75,32,26,2,123.08,7.69,0,11,0
4,75,32,26,2,123.08,7.69,0,11,3
4,75,32,26,2,123.08,7.69,0,11,7
4,75,32,26,2,123.08,7.69,0,11,18
5,9,30,22,0,136.36,0.0,1,6,3
5,9,30,22,0,136.36,0.0,1,6,6
5,9,30,22,0,136.36,0.0,1,6,10
5,34,14,20,1,70.0,5.0,1,6,3
5,34,14,20,1,70.0,5.0,1,6,6
5,34,14,20,1,70.0,5.0,1,6,19
5,70,32,22,1,145.45,4.55,1,8,10
5,70,32,22,1,145.45,4.55,1,8,13
5,70,32,22,1,145.45,4.55,1,8,14
6,15,30,23,1,130.43,4.35,1,8,6
6,15,30,23,1,130.43,4.35,1,8,7
6,15,30,23,1,130.43,4.35,1,8,10
6,15,30,23,1,130.43,4.35,1,8,14
6,15,30,23,1,130.43,4.35,1,8,16
7,8,44,29,1,151.72,3.45,0,3,4
7,8,44,29,1,151.72,3.45,0,3,11
7,8,44,29,1,151.72,3.45,0,3,16
7,8,44,29,1,151.72,3.45,0,3,19
7,17,39,32,1,121.88,3.12,0,9,10
7,17,39,32,1,121.88,3.12,0,9,16
7,17,39,32,1,121.88,3.12,0,9,19
7,24,63,31,1,203.23,3.23,0,6,0
7,24,63,31,1,203.23,3.23,0,6,14
7,24,63,31,1,203.23,3.23,0,6,16
7,45,33,20,1,165.0,5.0,0,11,4
7,45,33,20,1,165.0,5.0,0,11,10
7,45,33,20,1,165.0,5.0,0,11,13
7,45,33,20,1,165.0,5.0,0,11,16
7,52,43,44,1,97.73,2.27,0,6,3
7,52,43,44,1,97.73,2.27,0,6,14
7,52,43,44,1,97.73,2.27,0,6,16
7,52,43,44,1,97.73,2.27,0,6,20
7,54,57,27,1,211.11,3.7,0,3,4
7,54,57,27,1,211.11,3.7,0,3,13
7,54,57,27,1,211.11,3.7,0,3,16
7,65,28,20,1,140.0,5.0,0,11,13
7,65,28,20,1,140.0,5.0,0,11,16
7,65,28,20,1,140.0,5.0,0,11,17
7,75,51,26,1,196.15,3.85,0,11,0
7,75,51,26,1,196.15,3.85,0,11,6
7,75,51,26,1,196.15,3.85,0,11,7
7,75,51,26,1,196.15,3.85,0,11,13
7,82,33,28,3,117.86,10.71,0,2,10
7,82,33,28,3,117.86,10.71,0,2,13
7,82,33,28,3,117.86,10.71,0,2,16
7,82,33,28,3,117.86,10.71,0,2,19
7,82,33,28,3,117.86,10.71,0,2,20
7,87,17,23,1,73.91,4.35,0,10,0
7,87,17,23,1,73.91,4.35,0,10,4
7,87,17,23,1,73.91,4.35,0,10,7
7,87,17,23,1,73.91,4.35,0,10,14
7,87,17,23,1,73.91,4.35,0,10,16
7,89,33,20,0,165.0,0.0,0,11,9
7,89,33,20,0,165.0,0.0,0,11,16
7,89,33,20,0,165.0,0.0,0,11,19
7,92,40,33,2,121.21,6.06,0,2,2
7,92,40,33,2,121.21,6.06,0,2,9
7,92,40,33,2,121.21,6.06,0,2,14
7,92,40,33,2,121.21,6.06,0,2,16
7,92,40,33,2,121.21,6.06,0,2,19
8,29,14,21,1,66.67,4.76,0,6,0
8,29,14,21,1,66.67,4.76,0,6,19
9,1,40,20,0,200.0,0.0,0,6,0
9,3,51,25,0,204.0,0.0,0,4,0
9,3,51,25,0,204.0,0.0,0,4,14
9,8,37,32,2,115.62,6.25,0,3,3
9,8,37,32,2,115.62,6.25,0,3,4
9,8,37,32,2,115.62,6.25,0,3,11
9,8,37,32,2,115.62,6.25,0,3,14
9,8,37,32,2,115.62,6.25,0,3,15
9,10,24,25,0,96.0,0.0,0,9,4
9,10,24,25,0,96.0,0.0,0,9,9
9,10,24,25,0,96.0,0.0,0,9,14
9,17,25,21,0,119.05,0.0,0,9,10
9,17,25,21,0,119.05,0.0,0,9,14
9,17,25,21,0,119.05,0.0,0,9,19
9,34,28,21,0,133.33,0.0,0,6,3
9,34,28,21,0,133.33,0.0,0,6,4
9,34,28,21,0,133.33,0.0,0,6,11
9,34,28,21,0,133.33,0.0,0,6,14
9,34,28,21,0,133.33,0.0,0,6,15
9,37,29,22,0,131.82,0.0,0,2,0
9,37,29,22,0,131.82,0.0,0,2,14
9,38,36,32,1,112.5,3.12,0,0,0
9,38,36,32,1,112.5,3.12,0,0,14
9,41,30,27,1,111.11,3.7,0,2,4
9,41,30,27,1,111.11,3.7,0,2,14
9,43,38,23,2,165.22,8.7,0,6,10
9,43,38,23,2,165.22,8.7,0,6,14
9,45,43,31,1,138.71,3.23,0,11,14
9,45,43,31,1,138.71,3.23,0,11,17
9,47,40,21,0,190.48,0.0,0,4,12
9,47,40,21,0,190.48,0.0,0,4,14
9,55,32,22,0,145.45,0.0,0,10,0
9,55,32,22,0,145.45,0.0,0,10,14
9,67,65,38,1,171.05,2.63,0,4,10
9,67,65,38,1,171.05,2.63,0,4,14
9,74,24,20,0,120.0,0.0,0,10,2
9,74,24,20,0,120.0,0.0,0,10,14
9,75,26,21,1,123.81,4.76,0,11,7
9,75,26,21,1,123.81,4.76,0,11,14
9,76,31,33,0,93.94,0.0,0,10,4
9,76,31,33,0,93.94,0.0,0,10,14
9,76,31,33,0,93.94,0.0,0,10,17
9,81,47,20,1,235.0,5.0,0,3,0
9,81,47,20,1,235.0,5.0,0,3,4
9,81,47,20,1,235.0,5.0,0,3,14
9,82,43,39,2,110.26,5.13,0,2,12
9,82,43,39,2,110.26,5.13,0,2,14
9,82,43,39,2,110.26,5.13,0,2,17
9,82,43,39,2,110.26,5.13,0,2,19
9,84,65,41,2,158.54,4.88,0,10,10
9,84,65,41,2,158.54,4.88,0,10,14
9,92,28,30,0,93.33,0.0,0,2,9
9,92,28,30,0,93.33,0.0,0,2,14
10,59,38,22,1,172.73,4.55,1,5,14
10,65,20,21,2,95.24,9.52,1,11,14
10,65,20,21,2,95.24,9.52,1,11,19
11,8,51,35,2,145.71,5.71,0,3,1
11,8,51,35,2,145.71,5.71,0,3,2
11,8,51,35,2,145.71,5.71,0,3,8
11,8,51,35,2,145.71,5.71,0,3,11
11,8,51,35,2,145.71,5.71,0,3,18
11,8,51,35,2,145.71,5.71,0,3,19
11,12,30,25,0,120.0,0.0,0,3,4
11,12,30,25,0,120.0,0.0,0,3,6
11,12,30,25,0,120.0,0.0,0,3,19
11,17,50,24,0,208.33,0.0,0,9,18
11,17,50,24,0,208.33,0.0,0,9,19
11,20,17,28,1,60.71,3.57,0,10,7
11,20,17,28,1,60.71,3.57,0,10,14
11,20,17,28,1,60.71,3.57,0,10,19
11,30,23,22,0,104.55,0.0,0,7,3
11,30,23,22,0,104.55,0.0,0,7,10
11,30,23,22,0,104.55,0.0,0,7,19
11,30,23,22,0,104.55,0.0,0,7,20
11,34,48,26,0,184.62,0.0,0,6,2
11,34,48,26,0,184.62,0.0,0,6,8
11,34,48,26,0,184.62,0.0,0,6,14
11,34,48,26,0,184.62,0.0,0,6,19
11,56,48,32,1,150.0,3.12,0,2,6
11,56,48,32,1,150.0,3.12,0,2,10
11,56,48,32,1,150.0,3.12,0,2,19
11,63,25,22,0,113.64,0.0,0,6,3
11,63,25,22,0,113.64,0.0,0,6,19
11,64,41,28,0,146.43,0.0,0,11,9
11,64,41,28,0,146.43,0.0,0,11,14
11,64,41,28,0,146.43,0.0,0,11,17
11,64,41,28,0,146.43,0.0,0,11,19
11,67,44,35,1,125.71,2.86,0,4,9
11,67,44,35,1,125.71,2.86,0,4,10
11,67,44,35,1,125.71,2.86,0,4,18
11,68,21,22,0,95.45,0.0,0,8,1
11,68,21,22,0,95.45,0.0,0,8,8
11,68,21,22,0,95.45,0.0,0,8,19
11,70,18,26,3,69.23,11.54,0,8,7
11,70,18,26,3,69.23,11.54,0,8,14
11,70,18,26,3,69.23,11.54,0,8,17
11,70,18,26,3,69.23,11.54,0,8,20
11,72,34,27,1,125.93,3.7,0,8,3
11,72,34,27,1,125.93,3.7,0,8,17
11,72,34,27,1,125.93,3.7,0,8,18
11,72,34,27,1,125.93,3.7,0,8,19
11,74,21,25,2,84.0,8.0,0,10,4
11,74,21,25,2,84.0,8.0,0,10,10
11,74,21,25,2,84.0,8.0,0,10,18
11,74,21,25,2,84.0,8.0,0,10,19
11,84,42,20,0,210.0,0.0,0,10,9
11,84,42,20,0,210.0,0.0,0,10,10
11,84,42,20,0,210.0,0.0,0,10,17
11,86,16,25,2,64.0,8.0,0,6,13
11,86,16,25,2,64.0,8.0,0,6,16
11,86,16,25,2,64.0,8.0,0,6,20
12,9,54,32,2,168.75,6.25,0,6,2
12,9,54,32,2,168.75,6.25,0,6,13
12,9,54,32,2,168.75,6.25,0,6,14
12,9,54,32,2,168.75,6.25,0,6,19
12,9,54,32,2,168.75,6.25,0,6,20
12,14,36,21,0,171.43,0.0,0,7,13
12,14,36,21,0,171.43,0.0,0,7,19
12,38,23,25,1,92.0,4.0,0,0,0
12,38,23,25,1,92.0,4.0,0,0,2
12,38,23,25,1,92.0,4.0,0,0,5
12,38,23,25,1,92.0,4.0,0,0,13
12,38,23,25,1,92.0,4.0,0,0,14
12,44,54,32,0,168.75,0.0,0,6,4
12,44,54,32,0,168.75,0.0,0,6,7
12,44,54,32,0,168.75,0.0,0,6,14
12,44,54,32,0,168.75,0.0,0,6,19
12,65,37,36,1,102.78,2.78,0,11,4
12,65,37,36,1,102.78,2.78,0,11,7
12,65,37,36,1,102.78,2.78,0,11,14
12,65,37,36,1,102.78,2.78,0,11,19
12,65,37,36,1,102.78,2.78,0,11,20
12,91,60,32,0,187.5,0.0,0,8,2
12,91,60,32,0,187.5,0.0,0,8,4
12,91,60,32,0,187.5,0.0,0,8,7
12,91,60,32,0,187.5,0.0,0,8,8
12,91,60,32,0,187.5,0.0,0,8,14
13,8,39,29,0,134.48,0.0,0,3,0
13,8,39,29,0,134.48,0.0,0,3,3
13,8,39,29,0,134.48,0.0,0,3,8
13,8,39,29,0,134.48,0.0,0,3,10
13,8,39,29,0,134.48,0.0,0,3,11
13,10,17,30,2,56.67,6.67,0,9,0
13,10,17,30,2,56.67,6.67,0,9,3
13,10,17,30,2,56.67,6.67,0,9,16
13,17,52,37,1,140.54,2.7,0,9,0
13,17,52,37,1,140.54,2.7,0,9,5
13,17,52,37,1,140.54,2.7,0,9,10
13,34,55,28,0,196.43,0.0,0,6,3
13,34,55,28,0,196.43,0.0,0,6,8
13,34,55,28,0,196.43,0.0,0,6,10
13,34,55,28,0,196.43,0.0,0,6,11
13,51,22,25,1,88.0,4.0,0,6,0
13,51,22,25,1,88.0,4.0,0,6,10
13,51,22,25,1,88.0,4.0,0,6,14
13,51,22,25,1,88.0,4.0,0,6,18
13,52,39,22,0,177.27,0.0,0,6,0
13,52,39,22,0,177.27,0.0,0,6,9
13,52,39,22,0,177.27,0.0,0,6,10
13,52,39,22,0,177.27,0.0,0,6,19
13,65,28,31,0,90.32,0.0,0,11,1
13,65,28,31,0,90.32,0.0,0,11,4
13,65,28,31,0,90.32,0.0,0,11,10
13,65,28,31,0,90.32,0.0,0,11,17
13,67,58,31,0,187.1,0.0,0,4,0
13,67,58,31,0,187.1,0.0,0,4,5
13,68,27,21,0,128.57,0.0,0,8,0
13,68,27,21,0,128.57,0.0,0,8,3
13,68,27,21,0,128.57,0.0,0,8,8
13,68,27,21,0,128.57,0.0,0,8,10
13,68,27,21,0,128.57,0.0,0,8,11
13,73,37,28,1,132.14,3.57,0,3,0
13,73,37,28,1,132.14,3.57,0,3,8
13,73,37,28,1,132.14,3.57,0,3,11
13,75,37,29,0,127.59,0.0,0,11,0
13,75,37,29,0,127.59,0.0,0,11,3
13,75,37,29,0,127.59,0.0,0,11,19
13,82,54,45,0,120.0,0.0,0,2,1
13,82,54,45,0,120.0,0.0,0,2,4
13,82,54,45,0,120.0,0.0,0,2,10
13,82,54,45,0,120.0,0.0,0,2,17
13,82,54,45,0,120.0,0.0,0,2,19
13,84,17,20,0,85.0,0.0,0,10,0
13,84,17,20,0,85.0,0.0,0,10,5
13,91,40,32,1,125.0,3.12,0,8,1
13,91,40,32,1,125.0,3.12,0,8,4
13,91,40,32,1,125.0,3.12,0,8,10
13,91,40,32,1,125.0,3.12,0,8,17
14,3,27,21,0,128.57,0.0,1,4,2
14,3,27,21,0,128.57,0.0,1,4,14
14,3,27,21,0,128.57,0.0,1,4,19
14,20,29,24,1,120.83,4.17,1,10,2
14,20,29,24,1,120.83,4.17,1,10,14
14,20,29,24,1,120.83,4.17,1,10,19
14,65,31,30,2,103.33,6.67,1,11,2
14,65,31,30,2,103.33,6.67,1,11,3
14,65,31,30,2,103.33,6.67,1,11,17
14,65,31,30,2,103.33,6.67,1,11,19
14,70,32,32,2,100.0,6.25,1,8,10
14,70,32,32,2,100.0,6.25,1,8,13
14,70,32,32,2,100.0,6.25,1,8,14
14,70,32,32,2,100.0,6.25,1,8,18
14,70,32,32,2,100.0,6.25,1,8,19
14,77,22,21,1,104.76,4.76,1,4,4
14,77,22,21,1,104.76,4.76,1,4,7
14,77,22,21,1,104.76,4.76,1,4,14
14,82,55,36,0,152.78,0.0,1,2,2
14,82,55,36,0,152.78,0.0,1,2,3
14,82,55,36,0,152.78,0.0,1,2,17
14,82,55,36,0,152.78,0.0,1,2,19
14,82,55,36,0,152.78,0.0,1,2,20
14,91,49,34,3,144.12,8.82,1,8,2
14,91,49,34,3,144.12,8.82,1,8,3
14,91,49,34,3,144.12,8.82,1,8,10
14,91,49,34,3,144.12,8.82,1,8,14
14,91,49,34,3,144.12,8.82,1,8,17
14,91,49,34,3,144.12,8.82,1,8,19
15,1,30,21,1,142.86,4.76,0,6,0
15,1,30,21,1,142.86,4.76,0,6,4
15,10,17,21,0,80.95,0.0,0,9,10
15,10,17,21,0,80.95,0.0,0,9,13
15,19,28,24,0,116.67,0.0,0,11,9
15,19,28,24,0,116.67,0.0,0,11,11
15,19,28,24,0,116.67,0.0,0,11,13
15,37,32,26,1,123.08,3.85,0,2,0
15,37,32,26,1,123.08,3.85,0,2,4
15,37,32,26,1,123.08,3.85,0,2,10
15,38,43,20,0,215.0,0.0,0,0,0
15,38,43,20,0,215.0,0.0,0,0,4
15,41,69,36,0,191.67,0.0,0,2,10
15,41,69,36,0,191.67,0.0,0,2,11
15,41,69,36,0,191.67,0.0,0,2,13
15,59,23,23,1,100.0,4.35,0,5,10
15,59,23,23,1,100.0,4.35,0,5,14
16,36,23,25,0,92.0,0.0,1,4,2
16,36,23,25,0,92.0,0.0,1,4,9
16,61,37,20,1,185.0,5.0,1,6,10
16,61,37,20,1,185.0,5.0,1,6,16
16,80,25,20,0,125.0,0.0,1,8,9
16,80,25,20,0,125.0,0.0,1,8,17
17,2,34,21,0,161.9,0.0,1,6,21
17,3,18,20,1,90.0,5.0,1,4,0
17,3,18,20,1,90.0,5.0,1,4,6
17,3,18,20,1,90.0,5.0,1,4,9
17,6,38,29,0,131.03,0.0,1,4,5
17,6,38,29,0,131.03,0.0,1,4,9
17,6,38,29,0,131.03,0.0,1,4,16
17,6,38,29,0,131.03,0.0,1,4,18
17,6,38,29,0,131.03,0.0,1,4,19
17,8,62,55,1,112.73,1.82,1,3,3
17,8,62,55,1,112.73,1.82,1,3,4
17,8,62,55,1,112.73,1.82,1,3,6
17,8,62,55,1,112.73,1.82,1,3,8
17,8,62,55,1,112.73,1.82,1,3,9
17,8,62,55,1,112.73,1.82,1,3,15
17,8,62,55,1,112.73,1.82,1,3,17
17,8,62,55,1,112.73,1.82,1,3,19
17,9,50,36,1,138.89,2.78,1,6,4
17,9,50,36,1,138.89,2.78,1,6,6
17,9,50,36,1,138.89,2.78,1,6,9
17,9,50,36,1,138.89,2.78,1,6,14
17,9,50,36,1,138.89,2.78,1,6,17
17,9,50,36,1,138.89,2.78,1,6,19
17,10,62,39,0,158.97,0.0,1,9,0
17,10,62,39,0,158.97,0.0,1,9,3
17,10,62,39,0,158.97,0.0,1,9,9
17,10,62,39,0,158.97,0.0,1,9,16
17,10,62,39,0,158.97,0.0,1,9,18
17,10,62,39,0,158.97,0.0,1,9,19
17,15,69,48,2,143.75,4.17,1,8,0
17,15,69,48,2,143.75,4.17,1,8,6
17,15,69,48,2,143.75,4.17,1,8,7
17,15,69,48,2,143.75,4.17,1,8,19
17,15,69,48,2,143.75,4.17,1,8,20
17,22,66,38,1,173.68,2.63,1,4,3
17,22,66,38,1,173.68,2.63,1,4,4
17,22,66,38,1,173.68,2.63,1,4,6
17,22,66,38,1,173.68,2.63,1,4,15
17,22,66,38,1,173.68,2.63,1,4,17
17,28,56,28,1,200.0,3.57,1,3,9
17,28,56,28,1,200.0,3.57,1,3,13
17,28,56,28,1,200.0,3.57,1,3,16
17,28,56,28,1,200.0,3.57,1,3,19
17,30,44,33,2,133.33,6.06,1,7,4
17,30,44,33,2,133.33,6.06,1,7,9
17,30,44,33,2,133.33,6.06,1,7,18
17,31,42,20,0,210.0,0.0,1,2,9
17,31,42,20,0,210.0,0.0,1,2,19
17,36,45,42,1,107.14,2.38,1,4,0
17,36,45,42,1,107.14,2.38,1,4,2
17,36,45,42,1,107.14,2.38,1,4,4
17,36,45,42,1,107.14,2.38,1,4,9
17,37,38,23,1,165.22,4.35,1,2,0
17,37,38,23,1,165.22,4.35,1,2,9
17,37,38,23,1,165.22,4.35,1,2,19
17,39,69,36,0,191.67,0.0,1,6,6
17,39,69,36,0,191.67,0.0,1,6,19
17,39,69,36,0,191.67,0.0,1,6,20
17,44,36,37,2,97.3,5.41,1,6,13
17,44,36,37,2,97.3,5.41,1,6,14
17,44,36,37,2,97.3,5.41,1,6,19
17,44,36,37,2,97.3,5.41,1,6,20
17,45,24,26,1,92.31,3.85,1,11,4
17,45,24,26,1,92.31,3.85,1,11,9
17,45,24,26,1,92.31,3.85,1,11,10
17,45,24,26,1,92.31,3.85,1,11,13
17,51,54,34,1,158.82,2.94,1,6,3
17,51,54,34,1,158.82,2.94,1,6,5
17,51,54,34,1,158.82,2.94,1,6,6
17,51,54,34,1,158.82,2.94,1,6,9
17,51,54,34,1,158.82,2.94,1,6,19
17,56,30,25,1,120.0,4.0,1,2,9
17,56,30,25,1,120.0,4.0,1,2,10
17,56,30,25,1,120.0,4.0,1,2,19
17,56,30,25,1,120.0,4.0,1,2,20
17,61,73,38,2,192.11,5.26,1,6,5
17,61,73,38,2,192.11,5.26,1,6,9
17,61,73,38,2,192.11,5.26,1,6,16
17,61,73,38,2,192.11,5.26,1,6,19
17,62,27,26,0,103.85,0.0,1,8,9
17,62,27,26,0,103.85,0.0,1,8,19
17,65,45,40,0,112.5,0.0,1,11,9
17,65,45,40,0,112.5,0.0,1,11,13
17,65,45,40,0,112.5,0.0,1,11,14
17,65,45,40,0,112.5,0.0,1,11,17
17,65,45,40,0,112.5,0.0,1,11,19
17,67,35,20,0,175.0,0.0,1,4,9
17,67,35,20,0,175.0,0.0,1,4,13
17,68,40,33,0,121.21,0.0,1,8,0
17,68,40,33,0,121.21,0.0,1,8,4
17,68,40,33,0,121.21,0.0,1,8,15
17,70,17,29,2,58.62,6.9,1,8,0
17,70,17,29,2,58.62,6.9,1,8,9
17,70,17,29,2,58.62,6.9,1,8,18
17,70,17,29,2,58.62,6.9,1,8,19
17,75,34,39,1,87.18,2.56,1,11,0
17,75,34,39,1,87.18,2.56,1,11,6
17,75,34,39,1,87.18,2.56,1,11,7
17,75,34,39,1,87.18,2.56,1,11,19
17,75,34,39,1,87.18,2.56,1,11,20
17,76,65,46,1,141.3,2.17,1,10,0
17,76,65,46,1,141.3,2.17,1,10,4
17,76,65,46,1,141.3,2.17,1,10,9
17,76,65,46,1,141.3,2.17,1,10,14
17,76,65,46,1,141.3,2.17,1,10,17
17,76,65,46,1,141.3,2.17,1,10,18
17,91,27,28,2,96.43,7.14,1,8,9
17,91,27,28,2,96.43,7.14,1,8,14
17,91,27,28,2,96.43,7.14,1,8,17
17,91,27,28,2,96.43,7.14,1,8,18
17,91,27,28,2,96.43,7.14,1,8,19
17,92,20,21,1,95.24,4.76,1,2,0
17,92,20,21,1,95.24,4.76,1,2,9
17,92,20,21,1,95.24,4.76,1,2,19
18,3,40,30,0,133.33,0.0,1,4,6
18,3,40,30,0,133.33,0.0,1,4,9
18,3,40,30,0,133.33,0.0,1,4,14
18,3,40,30,0,133.33,0.0,1,4,19
18,9,47,23,0,204.35,0.0,1,6,4
18,9,47,23,0,204.35,0.0,1,6,6
18,9,47,23,0,204.35,0.0,1,6,7
18,9,47,23,0,204.35,0.0,1,6,9
18,9,47,23,0,204.35,0.0,1,6,14
18,36,30,20,2,150.0,10.0,1,4,4
18,36,30,20,2,150.0,10.0,1,4,6
18,36,30,20,2,150.0,10.0,1,4,7
18,36,30,20,2,150.0,10.0,1,4,10
18,65,50,32,3,156.25,9.38,1,11,9
18,65,50,32,3,156.25,9.38,1,11,11
18,65,50,32,3,156.25,9.38,1,11,14
18,65,50,32,3,156.25,9.38,1,11,17
18,67,35,21,2,166.67,9.52,1,4,4
18,67,35,21,2,166.67,9.52,1,4,9
18,67,35,21,2,166.67,9.52,1,4,13
18,67,35,21,2,166.67,9.52,1,4,19
18,68,47,28,0,167.86,0.0,1,8,3
18,68,47,28,0,167.86,0.0,1,8,6
18,68,47,28,0,167.86,0.0,1,8,10
18,70,41,28,1,146.43,3.57,1,8,3
18,70,41,28,1,146.43,3.57,1,8,9
18,70,41,28,1,146.43,3.57,1,8,10
18,70,41,28,1,146.43,3.57,1,8,19
18,70,41,28,1,146.43,3.57,1,8,20
18,72,37,20,1,185.0,5.0,1,8,2
18,72,37,20,1,185.0,5.0,1,8,7
18,72,37,20,1,185.0,5.0,1,8,9
18,72,37,20,1,185.0,5.0,1,8,18
18,75,15,26,2,57.69,7.69,1,11,7
18,75,15,26,2,57.69,7.69,1,11,9
18,75,15,26,2,57.69,7.69,1,11,11
18,75,15,26,2,57.69,7.69,1,11,18
18,75,15,26,2,57.69,7.69,1,11,20
18,82,27,23,1,117.39,4.35,1,2,6
18,82,27,23,1,117.39,4.35,1,2,9
18,82,27,23,1,117.39,4.35,1,2,10
18,82,27,23,1,117.39,4.35,1,2,14
18,91,43,23,0,186.96,0.0,1,8,9
18,91,43,23,0,186.96,0.0,1,8,14
18,91,43,23,0,186.96,0.0,1,8,17
19,3,29,21,1,138.1,4.76,1,4,0
19,3,29,21,1,138.1,4.76,1,4,5
19,3,29,21,1,138.1,4.76,1,4,16
19,15,78,37,1,210.81,2.7,1,8,0
19,15,78,37,1,210.81,2.7,1,8,7
19,15,78,37,1,210.81,2.7,1,8,10
19,15,78,37,1,210.81,2.7,1,8,14
19,15,78,37,1,210.81,2.7,1,8,16
19,21,35,23,2,152.17,8.7,1,11,11
19,21,35,23,2,152.17,8.7,1,11,16
19,23,48,26,2,184.62,7.69,1,7,0
19,23,48,26,2,184.62,7.69,1,7,7
19,23,48,26,2,184.62,7.69,1,7,10
19,23,48,26,2,184.62,7.69,1,7,14
19,23,48,26,2,184.62,7.69,1,7,16
19,29,41,25,2,164.0,8.0,1,6,16
19,29,41,25,2,164.0,8.0,1,6,19
19,70,46,32,1,143.75,3.12,1,8,14
19,70,46,32,1,143.75,3.12,1,8,16
19,74,35,22,2,159.09,9.09,1,10,2
19,74,35,22,2,159.09,9.09,1,10,7
19,74,35,22,2,159.09,9.09,1,10,10
19,74,35,22,2,159.09,9.09,1,10,16
19,75,70,40,0,175.0,0.0,1,11,0
19,75,70,40,0,175.0,0.0,1,11,7
19,75,70,40,0,175.0,0.0,1,11,10
19,75,70,40,0,175.0,0.0,1,11,14
19,75,70,40,0,175.0,0.0,1,11,16
19,76,36,22,2,163.64,9.09,1,10,10
19,76,36,22,2,163.64,9.09,1,10,16
19,82,33,24,0,137.5,0.0,1,2,10
19,82,33,24,0,137.5,0.0,1,2,16
19,82,33,24,0,137.5,0.0,1,2,19
19,91,53,28,1,189.29,3.57,1,8,10
19,91,53,28,1,189.29,3.57,1,8,16
19,91,53,28,1,189.29,3.57,1,8,17
20,1,37,30,1,123.33,3.33,1,6,0
20,1,37,30,1,123.33,3.33,1,6,14
20,1,37,30,1,123.33,3.33,1,6,18
20,1,37,30,1,123.33,3.33,1,6,19
20,3,36,35,0,102.86,0.0,1,4,0
20,3,36,35,0,102.86,0.0,1,4,13
20,3,36,35,0,102.86,0.0,1,4,14
20,3,36,35,0,102.86,0.0,1,4,18
20,3,36,35,0,102.86,0.0,1,4,19
20,8,20,29,1,68.97,3.45,1,3,3
20,8,20,29,1,68.97,3.45,1,3,4
20,8,20,29,1,68.97,3.45,1,3,10
20,8,20,29,1,68.97,3.45,1,3,14
20,8,20,29,1,68.97,3.45,1,3,15
20,8,20,29,1,68.97,3.45,1,3,17
20,8,20,29,1,68.97,3.45,1,3,20
20,9,35,40,3,87.5,7.5,1,6,2
20,9,35,40,3,87.5,7.5,1,6,13
20,9,35,40,3,87.5,7.5,1,6,14
20,9,35,40,3,87.5,7.5,1,6,17
20,9,35,40,3,87.5,7.5,1,6,18
20,9,35,40,3,87.5,7.5,1,6,19
20,10,27,22,1,122.73,4.55,1,9,4
20,10,27,22,1,122.73,4.55,1,9,10
20,10,27,22,1,122.73,4.55,1,9,14
20,10,27,22,1,122.73,4.55,1,9,16
20,10,27,22,1,122.73,4.55,1,9,19
20,15,21,25,1,84.0,4.0,1,8,4
20,15,21,25,1,84.0,4.0,1,8,7
20,15,21,25,1,84.0,4.0,1,8,10
20,36,29,33,1,87.88,3.03,1,4,2
20,36,29,33,1,87.88,3.03,1,4,13
20,36,29,33,1,87.88,3.03,1,4,19
20,37,37,26,3,142.31,11.54,1,2,0
20,37,37,26,3,142.31,11.54,1,2,10
20,37,37,26,3,142.31,11.54,1,2,13
20,37,37,26,3,142.31,11.54,1,2,14
20,37,37,26,3,142.31,11.54,1,2,19
20,38,40,33,0,121.21,0.0,1,0,0
20,38,40,33,0,121.21,0.0,1,0,13
20,38,40,33,0,121.21,0.0,1,0,14
20,38,40,33,0,121.21,0.0,1,0,19
20,44,43,34,1,126.47,2.94,1,6,4
20,44,43,34,1,126.47,2.94,1,6,7
20,44,43,34,1,126.47,2.94,1,6,10
20,44,43,34,1,126.47,2.94,1,6,12
20,44,43,34,1,126.47,2.94,1,6,14
20,60,25,20,0,125.0,0.0,1,2,7
20,60,25,20,0,125.0,0.0,1,2,14
20,65,69,41,0,168.29,0.0,1,11,4
20,65,69,41,0,168.29,0.0,1,11,7
20,65,69,41,0,168.29,0.0,1,11,14
20,65,69,41,0,168.29,0.0,1,11,17
20,65,69,41,0,168.29,0.0,1,11,18
20,65,69,41,0,168.29,0.0,1,11,19
20,72,63,30,0,210.0,0.0,1,8,2
20,72,63,30,0,210.0,0.0,1,8,19
20,72,63,30,0,210.0,0.0,1,8,20
20,91,48,54,3,88.89,5.56,1,8,4
20,91,48,54,3,88.89,5.56,1,8,7
20,91,48,54,3,88.89,5.56,1,8,10
20,91,48,54,3,88.89,5.56,1,8,14
20,91,48,54,3,88.89,5.56,1,8,17
20,91,48,54,3,88.89,5.56,1,8,19
21,3,59,36,1,163.89,2.78,0,4,0
21,3,59,36,1,163.89,2.78,0,4,3
21,3,59,36,1,163.89,2.78,0,4,19
21,10,62,34,1,182.35,2.94,0,9,2
21,10,62,34,1,182.35,2.94,0,9,16
21,10,62,34,1,182.35,2.94,0,9,19
21,36,60,38,0,157.89,0.0,0,4,2
21,36,60,38,0,157.89,0.0,0,4,10
21,36,60,38,0,157.89,0.0,0,4,19
21,37,58,36,0,161.11,0.0,0,2,0
21,37,58,36,0,161.11,0.0,0,2,3
21,37,58,36,0,161.11,0.0,0,2,10
21,37,58,36,0,161.11,0.0,0,2,19
21,40,24,31,1,77.42,3.23,0,11,0
21,40,24,31,1,77.42,3.23,0,11,3
21,40,24,31,1,77.42,3.23,0,11,10
21,40,24,31,1,77.42,3.23,0,11,19
21,44,30,26,1,115.38,3.85,0,6,4
21,44,30,26,1,115.38,3.85,0,6,14
21,44,30,26,1,115.38,3.85,0,6,16
21,44,30,26,1,115.38,3.85,0,6,20
21,51,29,30,0,96.67,0.0,0,6,3
21,51,29,30,0,96.67,0.0,0,6,10
21,51,29,30,0,96.67,0.0,0,6,14
21,51,29,30,0,96.67,0.0,0,6,19
21,52,55,45,1,122.22,2.22,0,6,9
21,52,55,45,1,122.22,2.22,0,6,10
21,52,55,45,1,122.22,2.22,0,6,13
21,52,55,45,1,122.22,2.22,0,6,14
21,52,55,45,1,122.22,2.22,0,6,16
21,52,55,45,1,122.22,2.22,0,6,19
21,65,25,29,1,86.21,3.45,0,11,4
21,65,25,29,1,86.21,3.45,0,11,10
21,65,25,29,1,86.21,3.45,0,11,19
21,70,31,32,2,96.88,6.25,0,8,3
21,70,31,32,2,96.88,6.25,0,8,10
21,70,31,32,2,96.88,6.25,0,8,14
21,70,31,32,2,96.88,6.25,0,8,16
21,70,31,32,2,96.88,6.25,0,8,19
21,70,31,32,2,96.88,6.25,0,8,20
21,74,56,29,1,193.1,3.45,0,10,2
21,74,56,29,1,193.1,3.45,0,10,3
21,74,56,29,1,193.1,3.45,0,10,6
21,74,56,29,1,193.1,3.45,0,10,16
21,74,56,29,1,193.1,3.45,0,10,19
21,75,47,34,1,138.24,2.94,0,11,0
21,75,47,34,1,138.24,2.94,0,11,4
21,75,47,34,1,138.24,2.94,0,11,7
21,75,47,34,1,138.24,2.94,0,11,13
21,75,47,34,1,138.24,2.94,0,11,19
21,76,35,22,1,159.09,4.55,0,10,16
21,76,35,22,1,159.09,4.55,0,10,17
21,76,35,22,1,159.09,4.55,0,10,19
21,82,36,35,2,102.86,5.71,0,2,4
21,82,36,35,2,102.86,5.71,0,2,16
21,82,36,35,2,102.86,5.71,0,2,19
21,84,24,27,0,88.89,0.0,0,10,10
21,84,24,27,0,88.89,0.0,0,10,16
21,84,24,27,0,88.89,0.0,0,10,19
21,90,21,24,0,87.5,0.0,0,11,10
21,90,21,24,0,87.5,0.0,0,11,14
21,90,21,24,0,87.5,0.0,0,11,16
21,90,21,24,0,87.5,0.0,0,11,19
22,3,38,29,1,131.03,3.45,1,4,0
22,3,38,29,1,131.03,3.45,1,4,1
22,3,38,29,1,131.03,3.45,1,4,14
22,3,38,29,1,131.03,3.45,1,4,17
22,3,38,29,1,131.03,3.45,1,4,19
22,9,37,25,2,148.0,8.0,1,6,2
22,9,37,25,2,148.0,8.0,1,6,3
22,9,37,25,2,148.0,8.0,1,6,14
22,9,37,25,2,148.0,8.0,1,6,17
22,9,37,25,2,148.0,8.0,1,6,19
22,10,47,44,2,106.82,4.55,1,9,0
22,10,47,44,2,106.82,4.55,1,9,9
22,10,47,44,2,106.82,4.55,1,9,13
22,10,47,44,2,106.82,4.55,1,9,16
22,10,47,44,2,106.82,4.55,1,9,17
22,15,53,31,1,170.97,3.23,1,8,3
22,15,53,31,1,170.97,3.23,1,8,7
22,15,53,31,1,170.97,3.23,1,8,19
22,18,30,22,0,136.36,0.0,1,7,4
22,20,46,30,2,153.33,6.67,1,10,7
22,20,46,30,2,153.33,6.67,1,10,14
22,20,46,30,2,153.33,6.67,1,10,17
22,20,46,30,2,153.33,6.67,1,10,19
22,21,40,27,0,148.15,0.0,1,11,14
22,21,40,27,0,148.15,0.0,1,11,19
22,23,40,24,1,166.67,4.17,1,7,7
22,29,38,53,1,71.7,1.89,1,6,0
22,29,38,53,1,71.7,1.89,1,6,4
22,29,38,53,1,71.7,1.89,1,6,17
22,29,38,53,1,71.7,1.89,1,6,19
22,32,38,24,1,158.33,4.17,1,7,9
22,32,38,24,1,158.33,4.17,1,7,13
22,32,38,24,1,158.33,4.17,1,7,14
22,37,60,44,1,136.36,2.27,1,2,0
22,37,60,44,1,136.36,2.27,1,2,1
22,37,60,44,1,136.36,2.27,1,2,14
22,37,60,44,1,136.36,2.27,1,2,17
22,37,60,44,1,136.36,2.27,1,2,19
22,38,63,41,1,153.66,2.44,1,0,1
22,38,63,41,1,153.66,2.44,1,0,14
22,38,63,41,1,153.66,2.44,1,0,17
22,38,63,41,1,153.66,2.44,1,0,19
22,41,46,26,1,176.92,3.85,1,2,14
22,41,46,26,1,176.92,3.85,1,2,17
22,45,55,39,1,141.03,2.56,1,11,10
22,45,55,39,1,141.03,2.56,1,11,14
22,45,55,39,1,141.03,2.56,1,11,17
22,46,51,28,0,182.14,0.0,1,1,7
22,46,51,28,0,182.14,0.0,1,1,14
22,51,61,48,1,127.08,2.08,1,6,4
22,51,61,48,1,127.08,2.08,1,6,7
22,51,61,48,1,127.08,2.08,1,6,14
22,51,61,48,1,127.08,2.08,1,6,16
22,51,61,48,1,127.08,2.08,1,6,17
22,52,52,39,2,133.33,5.13,1,6,9
22,52,52,39,2,133.33,5.13,1,6,14
22,52,52,39,2,133.33,5.13,1,6,17
22,52,52,39,2,133.33,5.13,1,6,19
22,55,33,22,1,150.0,4.55,1,10,0
22,55,33,22,1,150.0,4.55,1,10,1
22,55,33,22,1,150.0,4.55,1,10,14
22,55,33,22,1,150.0,4.55,1,10,17
22,61,42,30,3,140.0,10.0,1,6,3
22,61,42,30,3,140.0,10.0,1,6,14
22,61,42,30,3,140.0,10.0,1,6,16
22,61,42,30,3,140.0,10.0,1,6,19
22,64,52,29,0,179.31,0.0,1,11,14
22,64,52,29,0,179.31,0.0,1,11,17
22,64,52,29,0,179.31,0.0,1,11,19
22,67,27,27,2,100.0,7.41,1,4,10
22,67,27,27,2,100.0,7.41,1,4,17
22,67,27,27,2,100.0,7.41,1,4,19
22,70,21,36,1,58.33,2.78,1,8,0
22,70,21,36,1,58.33,2.78,1,8,4
22,70,21,36,1,58.33,2.78,1,8,7
22,70,21,36,1,58.33,2.78,1,8,14
22,70,21,36,1,58.33,2.78,1,8,17
22,75,15,23,0,65.22,0.0,1,11,3
22,75,15,23,0,65.22,0.0,1,11,7
22,75,15,23,0,65.22,0.0,1,11,19
22,76,55,32,1,171.88,3.12,1,10,0
22,76,55,32,1,171.88,3.12,1,10,14
22,76,55,32,1,171.88,3.12,1,10,17
22,76,55,32,1,171.88,3.12,1,10,19
22,78,20,20,0,100.0,0.0,1,6,3
22,78,20,20,0,100.0,0.0,1,6,19
22,84,28,24,0,116.67,0.0,1,10,10
22,84,28,24,0,116.67,0.0,1,10,14
22,84,28,24,0,116.67,0.0,1,10,17
22,85,40,29,0,137.93,0.0,1,6,3
22,85,40,29,0,137.93,0.0,1,6,17
22,85,40,29,0,137.93,0.0,1,6,19
23,44,47,22,0,213.64,0.0,1,6,10
23,44,47,22,0,213.64,0.0,1,6,12
23,44,47,22,0,213.64,0.0,1,6,19
23,52,52,26,1,200.0,3.85,1,6,3
23,52,52,26,1,200.0,3.85,1,6,8
23,52,52,26,1,200.0,3.85,1,6,9
23,52,52,26,1,200.0,3.85,1,6,12
23,65,21,20,0,105.0,0.0,1,11,1
23,65,21,20,0,105.0,0.0,1,11,10
23,65,21,20,0,105.0,0.0,1,11,19
23,82,58,30,0,193.33,0.0,1,2,1
23,82,58,30,0,193.33,0.0,1,2,10
23,82,58,30,0,193.33,0.0,1,2,11
23,82,58,30,0,193.33,0.0,1,2,19
24,38,31,28,2,110.71,7.14,1,0,3
24,38,31,28,2,110.71,7.14,1,0,4
24,38,31,28,2,110.71,7.14,1,0,9
24,38,31,28,2,110.71,7.14,1,0,11
24,70,37,23,1,160.87,4.35,1,8,3
24,70,37,23,1,160.87,4.35,1,8,9
24,70,37,23,1,160.87,4.35,1,8,11
24,70,37,23,1,160.87,4.35,1,8,14
24,70,37,23,1,160.87,4.35,1,8,15
24,91,41,38,3,107.89,7.89,1,8,1
24,91,41,38,3,107.89,7.89,1,8,8
24,91,41,38,3,107.89,7.89,1,8,9
24,91,41,38,3,107.89,7.89,1,8,11
24,91,41,38,3,107.89,7.89,1,8,19
25,36,30,20,1,150.0,5.0,1,4,9
25,36,30,20,1,150.0,5.0,1,4,11
25,36,30,20,1,150.0,5.0,1,4,14
26,44,28,31,0,90.32,0.0,1,6,4
26,44,28,31,0,90.32,0.0,1,6,10
26,44,28,31,0,90.32,0.0,1,6,20
27,2,44,20,1,220.0,5.0,1,6,4
27,2,44,20,1,220.0,5.0,1,6,7
27,2,44,20,1,220.0,5.0,1,6,9
27,9,32,28,2,114.29,7.14,1,6,4
27,9,32,28,2,114.29,7.14,1,6,7
27,9,32,28,2,114.29,7.14,1,6,14
27,9,32,28,2,114.29,7.14,1,6,18
27,45,40,22,0,181.82,0.0,1,11,4
27,45,40,22,0,181.82,0.0,1,11,9
27,45,40,22,0,181.82,0.0,1,11,10
27,45,40,22,0,181.82,0.0,1,11,13
27,56,54,28,0,192.86,0.0,1,2,10
27,56,54,28,0,192.86,0.0,1,2,18
27,56,54,28,0,192.86,0.0,1,2,19
27,67,30,22,1,136.36,4.55,1,4,6
27,67,30,22,1,136.36,4.55,1,4,9
27,67,30,22,1,136.36,4.55,1,4,10
27,67,30,22,1,136.36,4.55,1,4,19
27,81,38,21,1,180.95,4.76,1,3,9
27,81,38,21,1,180.95,4.76,1,3,10
27,81,38,21,1,180.95,4.76,1,3,16
27,84,35,25,2,140.0,8.0,1,10,9
27,84,35,25,2,140.0,8.0,1,10,10
27,91,19,24,1,79.17,4.17,1,8,9
27,91,19,24,1,79.17,4.17,1,8,10
27,91,19,24,1,79.17,4.17,1,8,13
27,91,19,24,1,79.17,4.17,1,8,14
27,91,19,24,1,79.17,4.17,1,8,18
27,91,19,24,1,79.17,4.17,1,8,19
28,21,39,29,1,134.48,3.45,0,11,2
28,21,39,29,1,134.48,3.45,0,11,4
28,21,39,29,1,134.48,3.45,0,11,6
28,21,39,29,1,134.48,3.45,0,11,10
28,38,31,32,1,96.88,3.12,0,0,0
28,38,31,32,1,96.88,3.12,0,0,2
28,38,31,32,1,96.88,3.12,0,0,9
28,55,43,27,1,159.26,3.7,0,10,0
28,55,43,27,1,159.26,3.7,0,10,2
28,55,43,27,1,159.26,3.7,0,10,9
28,65,16,20,1,80.0,5.0,0,11,3
28,65,16,20,1,80.0,5.0,0,11,10
28,65,16,20,1,80.0,5.0,0,11,17
28,65,16,20,1,80.0,5.0,0,11,18
28,65,16,20,1,80.0,5.0,0,11,19
29,3,17,26,0,65.38,0.0,1,4,2
29,3,17,26,0,65.38,0.0,1,4,4
29,3,17,26,0,65.38,0.0,1,4,19
29,8,42,35,2,120.0,5.71,1,3,2
29,8,42,35,2,120.0,5.71,1,3,13
29,8,42,35,2,120.0,5.71,1,3,17
29,9,58,39,1,148.72,2.56,1,6,2
29,9,58,39,1,148.72,2.56,1,6,17
29,9,58,39,1,148.72,2.56,1,6,19
29,10,52,51,2,101.96,3.92,1,9,0
29,10,52,51,2,101.96,3.92,1,9,2
29,10,52,51,2,101.96,3.92,1,9,4
29,10,52,51,2,101.96,3.92,1,9,9
29,10,52,51,2,101.96,3.92,1,9,10
29,10,52,51,2,101.96,3.92,1,9,16
29,10,52,51,2,101.96,3.92,1,9,18
29,12,61,38,3,160.53,7.89,1,3,2
29,12,61,38,3,160.53,7.89,1,3,6
29,12,61,38,3,160.53,7.89,1,3,19
29,13,31,20,0,155.0,0.0,1,7,6
29,13,31,20,0,155.0,0.0,1,7,19
29,15,32,30,0,106.67,0.0,1,8,0
29,15,32,30,0,106.67,0.0,1,8,4
29,15,32,30,0,106.67,0.0,1,8,6
29,15,32,30,0,106.67,0.0,1,8,7
29,17,74,42,0,176.19,0.0,1,9,2
29,17,74,42,0,176.19,0.0,1,9,6
29,17,74,42,0,176.19,0.0,1,9,10
29,17,74,42,0,176.19,0.0,1,9,19
29,18,43,31,0,138.71,0.0,1,7,14
29,18,43,31,0,138.71,0.0,1,7,19
29,21,45,32,1,140.62,3.12,1,11,4
29,21,45,32,1,140.62,3.12,1,11,7
29,21,45,32,1,140.62,3.12,1,11,14
29,21,45,32,1,140.62,3.12,1,11,16
29,21,45,32,1,140.62,3.12,1,11,18
29,26,17,21,0,80.95,0.0,1,11,2
29,26,17,21,0,80.95,0.0,1,11,10
29,28,42,27,1,155.56,3.7,1,3,3
29,28,42,27,1,155.56,3.7,1,3,16
29,28,42,27,1,155.56,3.7,1,3,19
29,29,53,50,0,106.0,0.0,1,6,0
29,29,53,50,0,106.0,0.0,1,6,2
29,29,53,50,0,106.0,0.0,1,6,3
29,29,53,50,0,106.0,0.0,1,6,10
29,29,53,50,0,106.0,0.0,1,6,19
29,29,53,50,0,106.0,0.0,1,6,20
29,34,66,36,3,183.33,8.33,1,6,0
29,34,66,36,3,183.33,8.33,1,6,2
29,34,66,36,3,183.33,8.33,1,6,13
29,34,66,36,3,183.33,8.33,1,6,15
29,34,66,36,3,183.33,8.33,1,6,19
29,36,41,36,0,113.89,0.0,1,4,0
29,36,41,36,0,113.89,0.0,1,4,9
29,36,41,36,0,113.89,0.0,1,4,10
29,36,41,36,0,113.89,0.0,1,4,20
29,43,23,22,2,104.55,9.09,1,6,2
29,43,23,22,2,104.55,9.09,1,6,10
29,44,37,28,2,132.14,7.14,1,6,0
29,44,37,28,2,132.14,7.14,1,6,3
29,44,37,28,2,132.14,7.14,1,6,14
29,51,32,34,2,94.12,5.88,1,6,2
29,51,32,34,2,94.12,5.88,1,6,5
29,51,32,34,2,94.12,5.88,1,6,13
29,51,32,34,2,94.12,5.88,1,6,19
29,54,36,23,0,156.52,0.0,1,3,3
29,54,36,23,0,156.52,0.0,1,3,10
29,56,62,46,1,134.78,2.17,1,2,2
29,56,62,46,1,134.78,2.17,1,2,4
29,56,62,46,1,134.78,2.17,1,2,6
29,56,62,46,1,134.78,2.17,1,2,10
29,56,62,46,1,134.78,2.17,1,2,19
29,57,24,20,0,120.0,0.0,1,6,2
29,57,24,20,0,120.0,0.0,1,6,19
29,59,42,28,0,150.0,0.0,1,5,2
29,59,42,28,0,150.0,0.0,1,5,10
29,65,57,50,0,114.0,0.0,1,11,2
29,65,57,50,0,114.0,0.0,1,11,10
29,65,57,50,0,114.0,0.0,1,11,17
29,65,57,50,0,114.0,0.0,1,11,19
29,67,33,20,0,165.0,0.0,1,4,2
29,67,33,20,0,165.0,0.0,1,4,3
29,67,33,20,0,165.0,0.0,1,4,6
29,67,33,20,0,165.0,0.0,1,4,10
29,68,21,24,0,87.5,0.0,1,8,2
29,68,21,24,0,87.5,0.0,1,8,10
29,70,41,31,0,132.26,0.0,1,8,0
29,70,41,31,0,132.26,0.0,1,8,2
29,74,49,26,1,188.46,3.85,1,10,2
29,74,49,26,1,188.46,3.85,1,10,4
29,74,49,26,1,188.46,3.85,1,10,6
29,74,49,26,1,188.46,3.85,1,10,19
29,75,32,42,0,76.19,0.0,1,11,2
29,75,32,42,0,76.19,0.0,1,11,4
29,75,32,42,0,76.19,0.0,1,11,6
29,75,32,42,0,76.19,0.0,1,11,7
29,75,32,42,0,76.19,0.0,1,11,14
29,76,39,42,1,92.86,2.38,1,10,0
29,76,39,42,1,92.86,2.38,1,10,2
29,76,39,42,1,92.86,2.38,1,10,13
29,76,39,42,1,92.86,2.38,1,10,17
29,76,39,42,1,92.86,2.38,1,10,18
29,77,41,42,1,97.62,2.38,1,4,4
29,77,41,42,1,97.62,2.38,1,4,7
29,77,41,42,1,97.62,2.38,1,4,9
29,77,41,42,1,97.62,2.38,1,4,14
29,77,41,42,1,97.62,2.38,1,4,16
29,77,41,42,1,97.62,2.38,1,4,18
29,78,14,22,0,63.64,0.0,1,6,6
29,78,14,22,0,63.64,0.0,1,6,14
29,80,16,26,0,61.54,0.0,1,8,0
29,80,16,26,0,61.54,0.0,1,8,9
29,82,48,43,2,111.63,4.65,1,2,2
29,82,48,43,2,111.63,4.65,1,2,3
29,82,48,43,2,111.63,4.65,1,2,10
29,82,48,43,2,111.63,4.65,1,2,17
29,82,48,43,2,111.63,4.65,1,2,19
29,82,48,43,2,111.63,4.65,1,2,20
29,83,44,21,0,209.52,0.0,1,7,4
29,83,44,21,0,209.52,0.0,1,7,6
29,84,26,21,0,123.81,0.0,1,10,0
29,84,26,21,0,123.81,0.0,1,10,2
29,84,26,21,0,123.81,0.0,1,10,3
29,84,26,21,0,123.81,0.0,1,10,10
29,91,59,38,0,155.26,0.0,1,8,2
29,91,59,38,0,155.26,0.0,1,8,14
29,91,59,38,0,155.26,0.0,1,8,17
29,91,59,38,0,155.26,0.0,1,8,18
29,92,47,27,0,174.07,0.0,1,2,0
29,92,47,27,0,174.07,0.0,1,2,9
29,92,47,27,0,174.07,0.0,1,2,13
30,17,34,22,0,154.55,0.0,0,9,2
30,17,34,22,0,154.55,0.0,0,9,10
31,3,15,23,1,65.22,4.35,1,4,6
31,3,15,23,1,65.22,4.35,1,4,10
31,34,18,20,1,90.0,5.0,1,6,4
31,34,18,20,1,90.0,5.0,1,6,10
31,34,18,20,1,90.0,5.0,1,6,14
31,85,14,23,0,60.87,0.0,1,6,3
31,85,14,23,0,60.87,0.0,1,6,13
32,38,20,20,1,100.0,5.0,1,0,4
32,38,20,20,1,100.0,5.0,1,0,8
32,38,20,20,1,100.0,5.0,1,0,9
32,38,20,20,1,100.0,5.0,1,0,11
32,70,51,31,2,164.52,6.45,1,8,3
32,70,51,31,2,164.52,6.45,1,8,4
32,70,51,31,2,164.52,6.45,1,8,6
32,70,51,31,2,164.52,6.45,1,8,9
32,70,51,31,2,164.52,6.45,1,8,11
32,77,36,20,0,180.0,0.0,1,4,3
32,77,36,20,0,180.0,0.0,1,4,6
33,43,28,22,0,127.27,0.0,0,6,10
33,43,28,22,0,127.27,0.0,0,6,11
34,21,25,20,1,125.0,5.0,1,11,4
34,21,25,20,1,125.0,5.0,1,11,11
34,21,25,20,1,125.0,5.0,1,11,18
34,67,20,22,1,90.91,4.55,1,4,3
34,67,20,22,1,90.91,4.55,1,4,6
34,67,20,22,1,90.91,4.55,1,4,14
34,67,20,22,1,90.91,4.55,1,4,19
34,74,34,22,0,154.55,0.0,1,10,2
34,74,34,22,0,154.55,0.0,1,10,14
34,74,34,22,0,154.55,0.0,1,10,15
34,74,34,22,0,154.55,0.0,1,10,19
35,3,22,25,2,88.0,8.0,1,4,4
35,3,22,25,2,88.0,8.0,1,4,14
35,3,22,25,2,88.0,8.0,1,4,16
35,9,39,25,0,156.0,0.0,1,6,2
35,9,39,25,0,156.0,0.0,1,6,14
35,9,39,25,0,156.0,0.0,1,6,19
35,62,30,20,0,150.0,0.0,1,8,16
35,62,30,20,0,150.0,0.0,1,8,19
36,67,20,23,0,86.96,0.0,1,4,0
36,67,20,23,0,86.96,0.0,1,4,7
36,67,20,23,0,86.96,0.0,1,4,10
36,90,21,23,0,91.3,0.0,1,11,4
36,90,21,23,0,91.3,0.0,1,11,10
36,90,21,23,0,91.3,0.0,1,11,16
37,9,37,23,1,160.87,4.35,1,6,3
37,9,37,23,1,160.87,4.35,1,6,6
37,9,37,23,1,160.87,4.35,1,6,10
37,9,37,23,1,160.87,4.35,1,6,19
37,21,22,21,2,104.76,9.52,1,11,8
37,21,22,21,2,104.76,9.52,1,11,9
37,21,22,21,2,104.76,9.52,1,11,13
37,21,22,21,2,104.76,9.52,1,11,18
37,39,34,23,2,147.83,8.7,1,6,21
37,44,36,24,1,150.0,4.17,1,6,3
37,44,36,24,1,150.0,4.17,1,6,7
37,44,36,24,1,150.0,4.17,1,6,19
37,44,36,24,1,150.0,4.17,1,6,20
37,51,35,28,0,125.0,0.0,1,6,6
37,51,35,28,0,125.0,0.0,1,6,10
37,51,35,28,0,125.0,0.0,1,6,13
37,51,35,28,0,125.0,0.0,1,6,14
37,51,35,28,0,125.0,0.0,1,6,19
37,65,48,39,1,123.08,2.56,1,11,3
37,65,48,39,1,123.08,2.56,1,11,6
37,65,48,39,1,123.08,2.56,1,11,10
37,65,48,39,1,123.08,2.56,1,11,17
37,65,48,39,1,123.08,2.56,1,11,19
37,70,36,30,3,120.0,10.0,1,8,0
37,70,36,30,3,120.0,10.0,1,8,14
37,70,36,30,3,120.0,10.0,1,8,18
37,70,36,30,3,120.0,10.0,1,8,19
37,72,33,21,2,157.14,9.52,1,8,2
37,72,33,21,2,157.14,9.52,1,8,3
37,72,33,21,2,157.14,9.52,1,8,10
37,91,40,29,0,137.93,0.0,1,8,3
37,91,40,29,0,137.93,0.0,1,8,10
37,91,40,29,0,137.93,0.0,1,8,17
37,91,40,29,0,137.93,0.0,1,8,18
38,11,38,27,1,140.74,3.7,1,10,2
38,11,38,27,1,140.74,3.7,1,10,9
38,11,38,27,1,140.74,3.7,1,10,10
38,21,28,21,2,133.33,9.52,1,11,4
38,21,28,21,2,133.33,9.52,1,11,7
38,21,28,21,2,133.33,9.52,1,11,9
38,21,28,21,2,133.33,9.52,1,11,14
38,21,28,21,2,133.33,9.52,1,11,16
38,32,28,20,1,140.0,5.0,1,7,2
38,32,28,20,1,140.0,5.0,1,7,4
38,32,28,20,1,140.0,5.0,1,7,11
38,56,47,24,1,195.83,4.17,1,2,10
38,56,47,24,1,195.83,4.17,1,2,17
38,56,47,24,1,195.83,4.17,1,2,19
38,62,37,31,1,119.35,3.23,1,8,2
38,62,37,31,1,119.35,3.23,1,8,10
38,62,37,31,1,119.35,3.23,1,8,19
38,68,46,27,2,170.37,7.41,1,8,2
38,68,46,27,2,170.37,7.41,1,8,13
38,68,46,27,2,170.37,7.41,1,8,15
38,74,31,22,1,140.91,4.55,1,10,10
38,74,31,22,1,140.91,4.55,1,10,19
38,91,29,21,0,138.1,0.0,1,8,3
38,91,29,21,0,138.1,0.0,1,8,14
38,91,29,21,0,138.1,0.0,1,8,17
38,91,29,21,0,138.1,0.0,1,8,19
39,3,20,21,0,95.24,0.0,1,4,2
39,3,20,21,0,95.24,0.0,1,4,5
39,21,28,21,1,133.33,4.76,1,11,0
39,21,28,21,1,133.33,4.76,1,11,2
39,21,28,21,1,133.33,4.76,1,11,16
39,21,28,21,1,133.33,4.76,1,11,19
39,34,39,25,1,156.0,4.0,1,6,4
39,34,39,25,1,156.0,4.0,1,6,11
39,34,39,25,1,156.0,4.0,1,6,14
39,44,50,30,0,166.67,0.0,1,6,4
39,44,50,30,0,166.67,0.0,1,6,14
39,52,15,20,0,75.0,0.0,1,6,14
39,52,15,20,0,75.0,0.0,1,6,19
39,82,47,31,1,151.61,3.23,1,2,2
39,82,47,31,1,151.61,3.23,1,2,4
39,82,47,31,1,151.61,3.23,1,2,17
39,82,47,31,1,151.61,3.23,1,2,19
40,2,36,23,1,156.52,4.35,1,6,7
40,2,36,23,1,156.52,4.35,1,6,19
40,8,32,21,1,152.38,4.76,1,3,3
40,8,32,21,1,152.38,4.76,1,3,10
40,8,32,21,1,152.38,4.76,1,3,11
40,8,32,21,1,152.38,4.76,1,3,19
40,91,20,21,2,95.24,9.52,1,8,3
40,91,20,21,2,95.24,9.52,1,8,10
40,91,20,21,2,95.24,9.52,1,8,11
41,8,49,32,2,153.12,6.25,0,3,2
41,8,49,32,2,153.12,6.25,0,3,4
41,8,49,32,2,153.12,6.25,0,3,8
41,8,49,32,2,153.12,6.25,0,3,15
41,15,71,45,2,157.78,4.44,0,8,2
41,15,71,45,2,157.78,4.44,0,8,3
41,15,71,45,2,157.78,4.44,0,8,6
41,15,71,45,2,157.78,4.44,0,8,7
41,15,71,45,2,157.78,4.44,0,8,13
41,15,71,45,2,157.78,4.44,0,8,14
41,21,49,29,0,168.97,0.0,0,11,2
41,21,49,29,0,168.97,0.0,0,11,9
41,21,49,29,0,168.97,0.0,0,11,16
41,21,49,29,0,168.97,0.0,0,11,18
41,21,49,29,0,168.97,0.0,0,11,19
41,23,36,22,0,163.64,0.0,0,7,7
41,34,28,27,2,103.7,7.41,0,6,2
41,34,28,27,2,103.7,7.41,0,6,4
41,34,28,27,2,103.7,7.41,0,6,14
41,34,28,27,2,103.7,7.41,0,6,15
41,34,28,27,2,103.7,7.41,0,6,19
41,38,44,32,1,137.5,3.12,0,0,0
41,38,44,32,1,137.5,3.12,0,0,2
41,38,44,32,1,137.5,3.12,0,0,3
41,38,44,32,1,137.5,3.12,0,0,5
41,44,10,23,0,43.48,0.0,0,6,2
41,44,10,23,0,43.48,0.0,0,6,13
41,44,10,23,0,43.48,0.0,0,6,14
41,52,51,28,1,182.14,3.57,0,6,2
41,52,51,28,1,182.14,3.57,0,6,9
41,52,51,28,1,182.14,3.57,0,6,14
41,52,51,28,1,182.14,3.57,0,6,19
41,61,43,26,1,165.38,3.85,0,6,2
41,61,43,26,1,165.38,3.85,0,6,3
41,61,43,26,1,165.38,3.85,0,6,16
41,70,39,26,1,150.0,3.85,0,8,2
41,70,39,26,1,150.0,3.85,0,8,4
41,70,39,26,1,150.0,3.85,0,8,14
41,70,39,26,1,150.0,3.85,0,8,18
41,75,34,33,1,103.03,3.03,0,11,2
41,75,34,33,1,103.03,3.03,0,11,3
41,75,34,33,1,103.03,3.03,0,11,6
41,75,34,33,1,103.03,3.03,0,11,7
41,75,34,33,1,103.03,3.03,0,11,13
41,75,34,33,1,103.03,3.03,0,11,14
41,87,29,21,0,138.1,0.0,0,10,4
41,87,29,21,0,138.1,0.0,0,10,7
41,91,39,28,2,139.29,7.14,0,8,2
41,91,39,28,2,139.29,7.14,0,8,17
41,91,39,28,2,139.29,7.14,0,8,18
42,3,36,20,1,180.0,5.0,0,4,0
42,3,36,20,1,180.0,5.0,0,4,3
42,3,36,20,1,180.0,5.0,0,4,14
42,3,36,20,1,180.0,5.0,0,4,18
42,3,36,20,1,180.0,5.0,0,4,19
42,9,24,20,1,120.0,5.0,0,6,4
42,9,24,20,1,120.0,5.0,0,6,13
42,9,24,20,1,120.0,5.0,0,6,18
42,10,21,20,0,105.0,0.0,0,9,3
42,10,21,20,0,105.0,0.0,0,9,7
42,10,21,20,0,105.0,0.0,0,9,9
42,10,21,20,0,105.0,0.0,0,9,10
42,10,21,20,0,105.0,0.0,0,9,13
42,10,21,20,0,105.0,0.0,0,9,17
42,17,34,37,1,91.89,2.7,0,9,10
42,17,34,37,1,91.89,2.7,0,9,17
42,17,34,37,1,91.89,2.7,0,9,19
42,17,34,37,1,91.89,2.7,0,9,20
42,38,35,21,0,166.67,0.0,0,0,0
42,38,35,21,0,166.67,0.0,0,0,3
42,38,35,21,0,166.67,0.0,0,0,19
42,40,49,23,1,213.04,4.35,0,11,3
42,40,49,23,1,213.04,4.35,0,11,18
42,40,49,23,1,213.04,4.35,0,11,19
42,41,34,39,1,87.18,2.56,0,2,3
42,41,34,39,1,87.18,2.56,0,2,7
42,41,34,39,1,87.18,2.56,0,2,10
42,41,34,39,1,87.18,2.56,0,2,11
42,41,34,39,1,87.18,2.56,0,2,13
42,41,34,39,1,87.18,2.56,0,2,16
42,58,21,20,0,105.0,0.0,0,7,6
42,58,21,20,0,105.0,0.0,0,7,7
42,58,21,20,0,105.0,0.0,0,7,15
42,65,75,43,1,174.42,2.33,0,11,1
42,65,75,43,1,174.42,2.33,0,11,3
42,65,75,43,1,174.42,2.33,0,11,7
42,65,75,43,1,174.42,2.33,0,11,18
42,65,75,43,1,174.42,2.33,0,11,19
42,70,39,33,1,118.18,3.03,0,8,6
42,70,39,33,1,118.18,3.03,0,8,10
42,70,39,33,1,118.18,3.03,0,8,14
42,70,39,33,1,118.18,3.03,0,8,17
42,74,31,26,2,119.23,7.69,0,10,21
42,81,73,46,2,158.7,4.35,0,3,3
42,81,73,46,2,158.7,4.35,0,3,7
42,81,73,46,2,158.7,4.35,0,3,10
42,81,73,46,2,158.7,4.35,0,3,13
42,81,73,46,2,158.7,4.35,0,3,16
42,82,37,27,1,137.04,3.7,0,2,7
42,82,37,27,1,137.04,3.7,0,2,10
42,82,37,27,1,137.04,3.7,0,2,17
42,82,37,27,1,137.04,3.7,0,2,19
42,86,44,27,1,162.96,3.7,0,6,3
42,86,44,27,1,162.96,3.7,0,6,6
42,86,44,27,1,162.96,3.7,0,6,7
42,86,44,27,1,162.96,3.7,0,6,13
42,91,39,34,4,114.71,11.76,0,8,3
42,91,39,34,4,114.71,11.76,0,8,7
42,91,39,34,4,114.71,11.76,0,8,10
42,91,39,34,4,114.71,11.76,0,8,18
42,91,39,34,4,114.71,11.76,0,8,19
43,45,35,28,0,125.0,0.0,1,11,10
43,45,35,28,0,125.0,0.0,1,11,11
43,64,72,36,1,200.0,2.78,1,11,11
43,64,72,36,1,200.0,2.78,1,11,17
43,64,72,36,1,200.0,2.78,1,11,19
43,72,37,25,1,148.0,4.0,1,8,2
43,72,37,25,1,148.0,4.0,1,8,19
43,80,28,20,0,140.0,0.0,1,8,9
43,80,28,20,0,140.0,0.0,1,8,11
43,80,28,20,0,140.0,0.0,1,8,14
44,22,45,20,0,225.0,0.0,1,4,11
44,22,45,20,0,225.0,0.0,1,4,16
45,3,34,34,1,100.0,2.94,1,4,0
45,3,34,34,1,100.0,2.94,1,4,8
45,3,34,34,1,100.0,2.94,1,4,11
45,9,47,24,0,195.83,0.0,1,6,2
45,9,47,24,0,195.83,0.0,1,6,8
45,9,47,24,0,195.83,0.0,1,6,11
45,10,70,43,4,162.79,9.3,1,9,4
45,10,70,43,4,162.79,9.3,1,9,9
45,10,70,43,4,162.79,9.3,1,9,11
45,10,70,43,4,162.79,9.3,1,9,14
45,10,70,43,4,162.79,9.3,1,9,16
45,24,44,28,0,157.14,0.0,1,6,0
45,24,44,28,0,157.14,0.0,1,6,8
45,24,44,28,0,157.14,0.0,1,6,11
45,24,44,28,0,157.14,0.0,1,6,14
45,37,39,31,0,125.81,0.0,1,2,0
45,37,39,31,0,125.81,0.0,1,2,8
45,37,39,31,0,125.81,0.0,1,2,10
45,37,39,31,0,125.81,0.0,1,2,11
45,38,46,26,1,176.92,3.85,1,0,0
45,38,46,26,1,176.92,3.85,1,0,8
45,38,46,26,1,176.92,3.85,1,0,11
45,38,46,26,1,176.92,3.85,1,0,17
45,82,31,31,3,100.0,9.68,1,2,1
45,82,31,31,3,100.0,9.68,1,2,8
45,82,31,31,3,100.0,9.68,1,2,11
45,82,31,31,3,100.0,9.68,1,2,14
45,82,31,31,3,100.0,9.68,1,2,17
46,8,37,29,2,127.59,6.9,1,3,0
46,8,37,29,2,127.59,6.9,1,3,7
46,8,37,29,2,127.59,6.9,1,3,9
46,8,37,29,2,127.59,6.9,1,3,11
46,8,37,29,2,127.59,6.9,1,3,14
46,22,35,21,1,166.67,4.76,1,4,0
46,22,35,21,1,166.67,4.76,1,4,7
46,22,35,21,1,166.67,4.76,1,4,8
46,22,35,21,1,166.67,4.76,1,4,11
46,37,50,33,0,151.52,0.0,1,2,5
46,37,50,33,0,151.52,0.0,1,2,7
46,37,50,33,0,151.52,0.0,1,2,10
46,52,56,29,2,193.1,6.9,1,6,0
46,52,56,29,2,193.1,6.9,1,6,7
46,52,56,29,2,193.1,6.9,1,6,9
47,74,36,20,0,180.0,0.0,1,10,10
47,74,36,20,0,180.0,0.0,1,10,16
47,74,36,20,0,180.0,0.0,1,10,19
48,8,32,21,1,152.38,4.76,1,3,3
48,8,32,21,1,152.38,4.76,1,3,8
48,8,32,21,1,152.38,4.76,1,3,19
48,17,52,36,1,144.44,2.78,1,9,0
48,17,52,36,1,144.44,2.78,1,9,5
48,17,52,36,1,144.44,2.78,1,9,6
48,17,52,36,1,144.44,2.78,1,9,19
48,18,29,21,0,138.1,0.0,1,7,3
48,18,29,21,0,138.1,0.0,1,7,14
48,18,29,21,0,138.1,0.0,1,7,19
48,52,32,22,2,145.45,9.09,1,6,6
48,52,32,22,2,145.45,9.09,1,6,9
48,52,32,22,2,145.45,9.09,1,6,14
48,52,32,22,2,145.45,9.09,1,6,19
48,67,37,20,2,185.0,10.0,1,4,5
48,67,37,20,2,185.0,10.0,1,4,6
48,67,37,20,2,185.0,10.0,1,4,19
48,75,36,21,0,171.43,0.0,1,11,0
48,75,36,21,0,171.43,0.0,1,11,3
48,75,36,21,0,171.43,0.0,1,11,14
48,75,36,21,0,171.43,0.0,1,11,18
49,10,17,20,0,85.0,0.0,0,9,9
49,10,17,20,0,85.0,0.0,0,9,11
49,10,17,20,0,85.0,0.0,0,9,14
49,37,38,20,1,190.0,5.0,0,2,10
49,37,38,20,1,190.0,5.0,0,2,11
50,15,32,24,2,133.33,8.33,0,8,4
50,15,32,24,2,133.33,8.33,0,8,7
50,15,32,24,2,133.33,8.33,0,8,10
50,15,32,24,2,133.33,8.33,0,8,20
50,17,28,29,3,96.55,10.34,0,9,0
50,17,28,29,3,96.55,10.34,0,9,2
50,17,28,29,3,96.55,10.34,0,9,6
50,17,28,29,3,96.55,10.34,0,9,10
50,17,28,29,3,96.55,10.34,0,9,19
50,28,32,24,0,133.33,0.0,0,3,0
50,28,32,24,0,133.33,0.0,0,3,3
50,34,40,22,0,181.82,0.0,0,6,2
50,34,40,22,0,181.82,0.0,0,6,13
50,34,40,22,0,181.82,0.0,0,6,18
50,37,34,24,1,141.67,4.17,0,2,0
50,37,34,24,1,141.67,4.17,0,2,2
50,37,34,24,1,141.67,4.17,0,2,10
50,44,24,21,1,114.29,4.76,0,6,3
50,44,24,21,1,114.29,4.76,0,6,19
50,44,24,21,1,114.29,4.76,0,6,20
50,51,23,24,2,95.83,8.33,0,6,7
50,51,23,24,2,95.83,8.33,0,6,13
50,51,23,24,2,95.83,8.33,0,6,14
50,51,23,24,2,95.83,8.33,0,6,19
50,51,23,24,2,95.83,8.33,0,6,20
50,52,43,26,1,165.38,3.85,0,6,4
50,52,43,26,1,165.38,3.85,0,6,6
50,52,43,26,1,165.38,3.85,0,6,7
50,52,43,26,1,165.38,3.85,0,6,9
50,56,35,30,1,116.67,3.33,0,2,0
50,56,35,30,1,116.67,3.33,0,2,2
50,56,35,30,1,116.67,3.33,0,2,4
50,56,35,30,1,116.67,3.33,0,2,19
50,67,34,22,0,154.55,0.0,0,4,0
50,67,34,22,0,154.55,0.0,0,4,2
50,67,34,22,0,154.55,0.0,0,4,3
50,70,34,24,1,141.67,4.17,0,8,10
50,70,34,24,1,141.67,4.17,0,8,14
50,74,21,21,1,100.0,4.76,0,10,0
50,74,21,21,1,100.0,4.76,0,10,4
50,74,21,21,1,100.0,4.76,0,10,7
50,74,21,21,1,100.0,4.76,0,10,19
50,75,34,31,1,109.68,3.23,0,11,4
50,75,34,31,1,109.68,3.23,0,11,7
50,75,34,31,1,109.68,3.23,0,11,13
50,75,34,31,1,109.68,3.23,0,11,20
50,76,19,23,1,82.61,4.35,0,10,1
50,76,19,23,1,82.61,4.35,0,10,13
50,83,48,27,0,177.78,0.0,0,7,4
50,83,48,27,0,177.78,0.0,0,7,13
50,84,45,31,0,145.16,0.0,0,10,1
50,84,45,31,0,145.16,0.0,0,10,2
50,84,45,31,0,145.16,0.0,0,10,3
51,38,26,21,1,123.81,4.76,1,0,0
51,38,26,21,1,123.81,4.76,1,0,4
51,38,26,21,1,123.81,4.76,1,0,17
52,3,30,31,2,96.77,6.45,1,4,0
52,3,30,31,2,96.77,6.45,1,4,1
52,3,30,31,2,96.77,6.45,1,4,17
52,3,30,31,2,96.77,6.45,1,4,20
52,8,44,28,1,157.14,3.57,1,3,1
52,8,44,28,1,157.14,3.57,1,3,8
52,8,44,28,1,157.14,3.57,1,3,11
52,8,44,28,1,157.14,3.57,1,3,19
52,21,49,30,3,163.33,10.0,1,11,1
52,21,49,30,3,163.33,10.0,1,11,6
52,21,49,30,3,163.33,10.0,1,11,13
52,21,49,30,3,163.33,10.0,1,11,19
52,23,44,25,2,176.0,8.0,1,7,1
52,23,44,25,2,176.0,8.0,1,7,7
52,36,32,32,1,100.0,3.12,1,4,2
52,36,32,32,1,100.0,3.12,1,4,3
52,36,32,32,1,100.0,3.12,1,4,9
52,36,32,32,1,100.0,3.12,1,4,17
52,38,35,29,0,120.69,0.0,1,0,0
52,38,35,29,0,120.69,0.0,1,0,1
52,38,35,29,0,120.69,0.0,1,0,17
52,59,48,32,1,150.0,3.12,1,5,0
52,59,48,32,1,150.0,3.12,1,5,1
52,59,48,32,1,150.0,3.12,1,5,17
52,70,23,25,2,92.0,8.0,1,8,4
52,70,23,25,2,92.0,8.0,1,8,14
52,70,23,25,2,92.0,8.0,1,8,17
52,72,20,22,1,90.91,4.55,1,8,3
52,72,20,22,1,90.91,4.55,1,8,17
52,81,26,20,2,130.0,10.0,1,3,13
52,81,26,20,2,130.0,10.0,1,3,16
53,82,24,25,0,96.0,0.0,0,2,10
53,82,24,25,0,96.0,0.0,0,2,19
54,21,46,30,0,153.33,0.0,1,11,3
54,21,46,30,0,153.33,0.0,1,11,9
54,21,46,30,0,153.33,0.0,1,11,11
54,21,46,30,0,153.33,0.0,1,11,14
54,21,46,30,0,153.33,0.0,1,11,19
55,8,30,23,2,130.43,8.7,0,3,3
55,8,30,23,2,130.43,8.7,0,3,6
55,8,30,23,2,130.43,8.7,0,3,8
55,8,30,23,2,130.43,8.7,0,3,10
55,8,30,23,2,130.43,8.7,0,3,11
55,8,30,23,2,130.43,8.7,0,3,19
55,21,60,27,1,222.22,3.7,0,11,8
55,21,60,27,1,222.22,3.7,0,11,9
55,21,60,27,1,222.22,3.7,0,11,10
55,21,60,27,1,222.22,3.7,0,11,13
55,21,60,27,1,222.22,3.7,0,11,19
55,29,34,30,1,113.33,3.33,0,6,0
55,29,34,30,1,113.33,3.33,0,6,6
55,29,34,30,1,113.33,3.33,0,6,19
55,36,24,25,0,96.0,0.0,0,4,2
55,36,24,25,0,96.0,0.0,0,4,6
55,36,24,25,0,96.0,0.0,0,4,9
55,36,24,25,0,96.0,0.0,0,4,10
55,49,40,20,1,200.0,5.0,0,10,10
55,49,40,20,1,200.0,5.0,0,10,14
55,52,39,27,0,144.44,0.0,0,6,9
55,52,39,27,0,144.44,0.0,0,6,10
55,52,39,27,0,144.44,0.0,0,6,14
55,52,39,27,0,144.44,0.0,0,6,19
55,68,29,34,1,85.29,2.94,0,8,0
55,68,29,34,1,85.29,2.94,0,8,6
55,68,29,34,1,85.29,2.94,0,8,8
55,68,29,34,1,85.29,2.94,0,8,10
55,68,29,34,1,85.29,2.94,0,8,19
55,72,28,23,1,121.74,4.35,0,8,2
55,72,28,23,1,121.74,4.35,0,8,3
55,72,28,23,1,121.74,4.35,0,8,6
55,72,28,23,1,121.74,4.35,0,8,10
55,76,27,21,0,128.57,0.0,0,10,0
55,76,27,21,0,128.57,0.0,0,10,1
55,76,27,21,0,128.57,0.0,0,10,10
55,76,27,21,0,128.57,0.0,0,10,17
55,76,27,21,0,128.57,0.0,0,10,19
55,80,50,28,0,178.57,0.0,0,8,9
55,80,50,28,0,178.57,0.0,0,8,10
55,93,25,22,0,113.64,0.0,0,10,2
55,93,25,22,0,113.64,0.0,0,10,10
55,93,25,22,0,113.64,0.0,0,10,11
56,8,30,27,0,111.11,0.0,1,3,4
56,8,30,27,0,111.11,0.0,1,3,6
56,8,30,27,0,111.11,0.0,1,3,14
56,8,30,27,0,111.11,0.0,1,3,16
56,15,38,23,0,165.22,0.0,1,8,3
56,15,38,23,0,165.22,0.0,1,8,7
56,15,38,23,0,165.22,0.0,1,8,10
56,15,38,23,0,165.22,0.0,1,8,13
56,15,38,23,0,165.22,0.0,1,8,14
56,21,28,21,2,133.33,9.52,1,11,3
56,21,28,21,2,133.33,9.52,1,11,11
56,21,28,21,2,133.33,9.52,1,11,16
56,21,28,21,2,133.33,9.52,1,11,18
56,21,28,21,2,133.33,9.52,1,11,19
56,22,27,21,1,128.57,4.76,1,4,11
56,22,27,21,1,128.57,4.76,1,4,16
56,22,27,21,1,128.57,4.76,1,4,19
56,29,43,22,0,195.45,0.0,1,6,19
56,29,43,22,0,195.45,0.0,1,6,20
56,36,37,30,1,123.33,3.33,1,4,2
56,36,37,30,1,123.33,3.33,1,4,4
56,36,37,30,1,123.33,3.33,1,4,16
56,36,37,30,1,123.33,3.33,1,4,20
56,67,19,28,3,67.86,10.71,1,4,21
56,68,55,31,2,177.42,6.45,1,8,4
56,68,55,31,2,177.42,6.45,1,8,10
56,68,55,31,2,177.42,6.45,1,8,16
56,68,55,31,2,177.42,6.45,1,8,20
56,72,29,33,2,87.88,6.06,1,8,2
56,72,29,33,2,87.88,6.06,1,8,4
56,72,29,33,2,87.88,6.06,1,8,6
56,72,29,33,2,87.88,6.06,1,8,14
56,73,46,26,0,176.92,0.0,1,3,21
56,74,37,21,1,176.19,4.76,1,10,21
56,75,40,40,2,100.0,5.0,1,11,3
56,75,40,40,2,100.0,5.0,1,11,7
56,75,40,40,2,100.0,5.0,1,11,10
56,75,40,40,2,100.0,5.0,1,11,13
56,75,40,40,2,100.0,5.0,1,11,14
56,87,21,22,0,95.45,0.0,1,10,4
56,87,21,22,0,95.45,0.0,1,10,10
56,87,21,22,0,95.45,0.0,1,10,14
57,1,46,32,2,143.75,6.25,1,6,0
57,1,46,32,2,143.75,6.25,1,6,4
57,1,46,32,2,143.75,6.25,1,6,6
57,3,56,36,1,155.56,2.78,1,4,0
57,3,56,36,1,155.56,2.78,1,4,4
57,3,56,36,1,155.56,2.78,1,4,6
57,3,56,36,1,155.56,2.78,1,4,10
57,4,47,25,1,188.0,4.0,1,6,13
57,4,47,25,1,188.0,4.0,1,6,14
57,4,47,25,1,188.0,4.0,1,6,19
57,8,40,38,3,105.26,7.89,1,3,6
57,8,40,38,3,105.26,7.89,1,3,8
57,8,40,38,3,105.26,7.89,1,3,10
57,8,40,38,3,105.26,7.89,1,3,19
57,9,19,22,1,86.36,4.55,1,6,6
57,9,19,22,1,86.36,4.55,1,6,10
57,9,19,22,1,86.36,4.55,1,6,19
57,10,69,49,0,140.82,0.0,1,9,4
57,10,69,49,0,140.82,0.0,1,9,10
57,10,69,49,0,140.82,0.0,1,9,13
57,10,69,49,0,140.82,0.0,1,9,16
57,10,69,49,0,140.82,0.0,1,9,18
57,12,13,21,1,61.9,4.76,1,3,0
57,12,13,21,1,61.9,4.76,1,3,19
57,12,13,21,1,61.9,4.76,1,3,20
57,15,33,44,2,75.0,4.55,1,8,6
57,15,33,44,2,75.0,4.55,1,8,10
57,15,33,44,2,75.0,4.55,1,8,19
57,15,33,44,2,75.0,4.55,1,8,20
57,34,46,40,2,115.0,5.0,1,6,3
57,34,46,40,2,115.0,5.0,1,6,6
57,34,46,40,2,115.0,5.0,1,6,8
57,34,46,40,2,115.0,5.0,1,6,10
57,34,46,40,2,115.0,5.0,1,6,19
57,37,16,27,1,59.26,3.7,1,2,0
57,37,16,27,1,59.26,3.7,1,2,4
57,37,16,27,1,59.26,3.7,1,2,5
57,37,16,27,1,59.26,3.7,1,2,10
57,39,31,25,1,124.0,4.0,1,6,21
57,41,30,20,0,150.0,0.0,1,2,4
57,41,30,20,0,150.0,0.0,1,2,10
57,41,30,20,0,150.0,0.0,1,2,13
57,44,27,23,0,117.39,0.0,1,6,21
57,51,45,60,0,75.0,0.0,1,6,6
57,51,45,60,0,75.0,0.0,1,6,10
57,51,45,60,0,75.0,0.0,1,6,13
57,51,45,60,0,75.0,0.0,1,6,14
57,51,45,60,0,75.0,0.0,1,6,19
57,52,53,42,1,126.19,2.38,1,6,4
57,52,53,42,1,126.19,2.38,1,6,9
57,52,53,42,1,126.19,2.38,1,6,10
57,52,53,42,1,126.19,2.38,1,6,13
57,52,53,42,1,126.19,2.38,1,6,18
57,52,53,42,1,126.19,2.38,1,6,19
57,68,40,37,1,108.11,2.7,1,8,6
57,68,40,37,1,108.11,2.7,1,8,8
57,68,40,37,1,108.11,2.7,1,8,10
57,68,40,37,1,108.11,2.7,1,8,19
57,73,38,23,0,165.22,0.0,1,3,8
57,73,38,23,0,165.22,0.0,1,3,10
57,75,72,43,1,167.44,2.33,1,11,6
57,75,72,43,1,167.44,2.33,1,11,7
57,75,72,43,1,167.44,2.33,1,11,10
57,75,72,43,1,167.44,2.33,1,11,19
57,75,72,43,1,167.44,2.33,1,11,20
57,76,50,53,1,94.34,1.89,1,10,0
57,76,50,53,1,94.34,1.89,1,10,1
57,76,50,53,1,94.34,1.89,1,10,10
57,76,50,53,1,94.34,1.89,1,10,17
57,76,50,53,1,94.34,1.89,1,10,18
57,76,50,53,1,94.34,1.89,1,10,19
57,81,35,28,3,125.0,10.71,1,3,4
57,81,35,28,3,125.0,10.71,1,3,10
57,81,35,28,3,125.0,10.71,1,3,13
57,81,35,28,3,125.0,10.71,1,3,16
57,82,34,27,2,125.93,7.41,1,2,0
57,82,34,27,2,125.93,7.41,1,2,3
57,82,34,27,2,125.93,7.41,1,2,6
57,82,34,27,2,125.93,7.41,1,2,10
57,86,40,23,0,173.91,0.0,1,6,10
57,86,40,23,0,173.91,0.0,1,6,13
57,87,27,20,0,135.0,0.0,1,10,3
57,87,27,20,0,135.0,0.0,1,10,10
57,91,33,30,2,110.0,6.67,1,8,10
57,91,33,30,2,110.0,6.67,1,8,17
57,91,33,30,2,110.0,6.67,1,8,18
57,91,33,30,2,110.0,6.67,1,8,19
57,92,52,32,2,162.5,6.25,1,2,10
57,92,52,32,2,162.5,6.25,1,2,13
57,92,52,32,2,162.5,6.25,1,2,14
57,92,52,32,2,162.5,6.25,1,2,19
57,93,38,20,1,190.0,5.0,1,10,2
57,93,38,20,1,190.0,5.0,1,10,10
58,3,30,25,1,120.0,4.0,1,4,0
58,3,30,25,1,120.0,4.0,1,4,3
58,3,30,25,1,120.0,4.0,1,4,19
58,8,30,25,0,120.0,0.0,1,3,10
58,8,30,25,0,120.0,0.0,1,3,11
58,8,30,25,0,120.0,0.0,1,3,13
58,8,30,25,0,120.0,0.0,1,3,14
58,8,30,25,0,120.0,0.0,1,3,17
58,8,30,25,0,120.0,0.0,1,3,19
58,10,52,34,0,152.94,0.0,1,9,10
58,10,52,34,0,152.94,0.0,1,9,16
58,10,52,34,0,152.94,0.0,1,9,19
58,15,38,40,1,95.0,2.5,1,8,7
58,15,38,40,1,95.0,2.5,1,8,10
58,15,38,40,1,95.0,2.5,1,8,19
58,15,38,40,1,95.0,2.5,1,8,20
58,17,25,22,1,113.64,4.55,1,9,0
58,17,25,22,1,113.64,4.55,1,9,10
58,17,25,22,1,113.64,4.55,1,9,19
58,21,28,25,1,112.0,4.0,1,11,6
58,21,28,25,1,112.0,4.0,1,11,11
58,21,28,25,1,112.0,4.0,1,11,13
58,21,28,25,1,112.0,4.0,1,11,16
58,28,40,21,0,190.48,0.0,1,3,0
58,28,40,21,0,190.48,0.0,1,3,16
58,36,30,28,1,107.14,3.57,1,4,2
58,36,30,28,1,107.14,3.57,1,4,10
58,36,30,28,1,107.14,3.57,1,4,19
58,37,30,44,2,68.18,4.55,1,2,0
58,37,30,44,2,68.18,4.55,1,2,3
58,37,30,44,2,68.18,4.55,1,2,10
58,37,30,44,2,68.18,4.55,1,2,19
58,51,46,40,2,115.0,5.0,1,6,3
58,51,46,40,2,115.0,5.0,1,6,10
58,51,46,40,2,115.0,5.0,1,6,14
58,51,46,40,2,115.0,5.0,1,6,19
58,51,46,40,2,115.0,5.0,1,6,20
58,52,70,55,1,127.27,1.82,1,6,6
58,52,70,55,1,127.27,1.82,1,6,9
58,52,70,55,1,127.27,1.82,1,6,10
58,52,70,55,1,127.27,1.82,1,6,12
58,52,70,55,1,127.27,1.82,1,6,13
58,52,70,55,1,127.27,1.82,1,6,14
58,52,70,55,1,127.27,1.82,1,6,19
58,53,33,21,1,157.14,4.76,1,2,2
58,53,33,21,1,157.14,4.76,1,2,19
58,56,51,32,2,159.38,6.25,1,2,0
58,56,51,32,2,159.38,6.25,1,2,18
58,56,51,32,2,159.38,6.25,1,2,19
58,65,25,20,1,125.0,5.0,1,11,4
58,65,25,20,1,125.0,5.0,1,11,10
58,65,25,20,1,125.0,5.0,1,11,19
58,70,38,30,3,126.67,10.0,1,8,3
58,70,38,30,3,126.67,10.0,1,8,12
58,70,38,30,3,126.67,10.0,1,8,14
58,70,38,30,3,126.67,10.0,1,8,19
58,70,38,30,3,126.67,10.0,1,8,20
58,72,32,28,3,114.29,10.71,1,8,2
58,72,32,28,3,114.29,10.71,1,8,10
58,72,32,28,3,114.29,10.71,1,8,19
58,72,32,28,3,114.29,10.71,1,8,20
58,74,36,29,1,124.14,3.45,1,10,0
58,74,36,29,1,124.14,3.45,1,10,3
58,74,36,29,1,124.14,3.45,1,10,19
58,84,27,22,1,122.73,4.55,1,10,10
58,84,27,22,1,122.73,4.55,1,10,19
58,85,27,24,1,112.5,4.17,1,6,13
58,85,27,24,1,112.5,4.17,1,6,14
58,85,27,24,1,112.5,4.17,1,6,19
59,3,18,20,1,90.0,5.0,1,4,0
59,3,18,20,1,90.0,5.0,1,4,7
59,21,47,29,2,162.07,6.9,1,11,7
59,21,47,29,2,162.07,6.9,1,11,9
59,43,28,27,1,103.7,3.7,1,6,7
59,43,28,27,1,103.7,3.7,1,6,10
59,67,40,22,0,181.82,0.0,1,4,7
59,67,40,22,0,181.82,0.0,1,4,10
59,81,39,28,3,139.29,10.71,1,3,7
59,81,39,28,3,139.29,10.71,1,3,13
59,81,39,28,3,139.29,10.71,1,3,16
60,65,25,28,2,89.29,7.14,1,11,10
60,65,25,28,2,89.29,7.14,1,11,13
60,65,25,28,2,89.29,7.14,1,11,14
60,72,45,21,0,214.29,0.0,1,8,7
60,72,45,21,0,214.29,0.0,1,8,9
60,72,45,21,0,214.29,0.0,1,8,14
60,91,51,36,2,141.67,5.56,1,8,9
60,91,51,36,2,141.67,5.56,1,8,11
60,91,51,36,2,141.67,5.56,1,8,14
61,10,50,25,0,200.0,0.0,0,9,0
61,10,50,25,0,200.0,0.0,0,9,2
61,10,50,25,0,200.0,0.0,0,9,6
61,15,31,28,2,110.71,7.14,0,8,3
61,15,31,28,2,110.71,7.14,0,8,5
61,15,31,28,2,110.71,7.14,0,8,7
61,15,31,28,2,110.71,7.14,0,8,18
61,16,23,20,0,115.0,0.0,0,10,4
61,16,23,20,0,115.0,0.0,0,10,6
61,16,23,20,0,115.0,0.0,0,10,19
61,21,31,22,2,140.91,9.09,0,11,6
61,21,31,22,2,140.91,9.09,0,11,11
61,21,31,22,2,140.91,9.09,0,11,14
61,21,31,22,2,140.91,9.09,0,11,16
61,43,41,23,2,178.26,8.7,0,6,2
61,43,41,23,2,178.26,8.7,0,6,5
61,59,27,31,0,87.1,0.0,0,5,0
61,59,27,31,0,87.1,0.0,0,5,2
61,59,27,31,0,87.1,0.0,0,5,14
61,61,23,22,1,104.55,4.55,0,6,0
61,61,23,22,1,104.55,4.55,0,6,3
61,61,23,22,1,104.55,4.55,0,6,14
61,61,23,22,1,104.55,4.55,0,6,16
61,65,25,23,0,108.7,0.0,0,11,0
61,65,25,23,0,108.7,0.0,0,11,17
61,65,25,23,0,108.7,0.0,0,11,19
61,67,34,27,1,125.93,3.7,0,4,2
61,67,34,27,1,125.93,3.7,0,4,5
61,67,34,27,1,125.93,3.7,0,4,6
61,70,56,41,0,136.59,0.0,0,8,0
61,70,56,41,0,136.59,0.0,0,8,2
61,70,56,41,0,136.59,0.0,0,8,6
61,70,56,41,0,136.59,0.0,0,8,10
61,70,56,41,0,136.59,0.0,0,8,13
61,70,56,41,0,136.59,0.0,0,8,14
61,72,41,34,1,120.59,2.94,0,8,0
61,72,41,34,1,120.59,2.94,0,8,2
61,72,41,34,1,120.59,2.94,0,8,4
61,72,41,34,1,120.59,2.94,0,8,14
61,72,41,34,1,120.59,2.94,0,8,19
61,75,29,29,0,100.0,0.0,0,11,3
61,75,29,29,0,100.0,0.0,0,11,5
61,75,29,29,0,100.0,0.0,0,11,7
61,75,29,29,0,100.0,0.0,0,11,18
61,75,29,29,0,100.0,0.0,0,11,19
61,91,40,26,2,153.85,7.69,0,8,0
61,91,40,26,2,153.85,7.69,0,8,4
61,91,40,26,2,153.85,7.69,0,8,6
61,91,40,26,2,153.85,7.69,0,8,8
61,91,40,26,2,153.85,7.69,0,8,14
61,91,40,26,2,153.85,7.69,0,8,17
61,91,40,26,2,153.85,7.69,0,8,19
62,9,40,20,0,200.0,0.0,1,6,3
62,9,40,20,0,200.0,0.0,1,6,6
63,10,22,20,1,110.0,5.0,1,9,7
63,10,22,20,1,110.0,5.0,1,9,10
63,10,22,20,1,110.0,5.0,1,9,14
64,4,30,20,0,150.0,0.0,0,6,4
64,4,30,20,0,150.0,0.0,0,6,9
64,10,57,53,2,107.55,3.77,0,9,4
64,10,57,53,2,107.55,3.77,0,9,6
64,10,57,53,2,107.55,3.77,0,9,11
64,10,57,53,2,107.55,3.77,0,9,16
64,10,57,53,2,107.55,3.77,0,9,19
64,15,49,49,2,100.0,4.08,0,8,7
64,15,49,49,2,100.0,4.08,0,8,14
64,15,49,49,2,100.0,4.08,0,8,15
64,15,49,49,2,100.0,4.08,0,8,18
64,15,49,49,2,100.0,4.08,0,8,19
64,16,52,30,1,173.33,3.33,0,10,3
64,16,52,30,1,173.33,3.33,0,10,19
64,17,40,23,0,173.91,0.0,0,9,6
64,17,40,23,0,173.91,0.0,0,9,19
64,25,32,24,0,133.33,0.0,0,4,10
64,25,32,24,0,133.33,0.0,0,4,19
64,37,22,24,0,91.67,0.0,0,2,0
64,37,22,24,0,91.67,0.0,0,2,3
64,37,22,24,0,91.67,0.0,0,2,4
64,37,22,24,0,91.67,0.0,0,2,6
64,37,22,24,0,91.67,0.0,0,2,10
64,37,22,24,0,91.67,0.0,0,2,11
64,39,31,35,1,88.57,2.86,0,6,3
64,39,31,35,1,88.57,2.86,0,6,4
64,39,31,35,1,88.57,2.86,0,6,18
64,51,47,30,0,156.67,0.0,0,6,3
64,51,47,30,0,156.67,0.0,0,6,4
64,51,47,30,0,156.67,0.0,0,6,14
64,51,47,30,0,156.67,0.0,0,6,19
64,67,25,23,0,108.7,0.0,0,4,3
64,67,25,23,0,108.7,0.0,0,4,6
64,67,25,23,0,108.7,0.0,0,4,19
64,70,31,35,3,88.57,8.57,0,8,3
64,70,31,35,3,88.57,8.57,0,8,4
64,70,31,35,3,88.57,8.57,0,8,6
64,70,31,35,3,88.57,8.57,0,8,10
64,72,33,24,1,137.5,4.17,0,8,2
64,72,33,24,1,137.5,4.17,0,8,13
64,72,33,24,1,137.5,4.17,0,8,14
64,74,35,26,3,134.62,11.54,0,10,3
64,74,35,26,3,134.62,11.54,0,10,4
64,74,35,26,3,134.62,11.54,0,10,6
64,74,35,26,3,134.62,11.54,0,10,15
64,74,35,26,3,134.62,11.54,0,10,19
64,75,43,37,0,116.22,0.0,0,11,7
64,75,43,37,0,116.22,0.0,0,11,14
64,75,43,37,0,116.22,0.0,0,11,15
64,75,43,37,0,116.22,0.0,0,11,18
64,81,38,21,0,180.95,0.0,0,3,16
64,82,29,34,0,85.29,0.0,0,2,1
64,82,29,34,0,85.29,0.0,0,2,8
64,82,29,34,0,85.29,0.0,0,2,10
64,82,29,34,0,85.29,0.0,0,2,18
64,82,29,34,0,85.29,0.0,0,2,19
64,83,26,20,1,130.0,5.0,0,7,15
64,83,26,20,1,130.0,5.0,0,7,18
64,83,26,20,1,130.0,5.0,0,7,19
64,91,40,21,0,190.48,0.0,0,8,1
64,91,40,21,0,190.48,0.0,0,8,6
65,4,32,31,1,103.23,3.23,0,6,10
65,4,32,31,1,103.23,3.23,0,6,13
65,4,32,31,1,103.23,3.23,0,6,14
65,4,32,31,1,103.23,3.23,0,6,19
65,8,30,24,3,125.0,12.5,0,3,3
65,8,30,24,3,125.0,12.5,0,3,10
65,8,30,24,3,125.0,12.5,0,3,11
65,8,30,24,3,125.0,12.5,0,3,19
65,11,19,20,1,95.0,5.0,0,10,9
65,11,19,20,1,95.0,5.0,0,10,10
65,11,19,20,1,95.0,5.0,0,10,19
65,15,64,46,1,139.13,2.17,0,8,7
65,15,64,46,1,139.13,2.17,0,8,10
65,15,64,46,1,139.13,2.17,0,8,18
65,15,64,46,1,139.13,2.17,0,8,19
65,19,21,20,0,105.0,0.0,0,11,4
65,19,21,20,0,105.0,0.0,0,11,9
65,19,21,20,0,105.0,0.0,0,11,10
65,29,16,29,2,55.17,6.9,0,6,0
65,29,16,29,2,55.17,6.9,0,6,18
65,29,16,29,2,55.17,6.9,0,6,19
65,39,26,28,1,92.86,3.57,0,6,9
65,39,26,28,1,92.86,3.57,0,6,11
65,39,26,28,1,92.86,3.57,0,6,13
65,39,26,28,1,92.86,3.57,0,6,18
65,49,30,25,1,120.0,4.0,0,10,10
65,49,30,25,1,120.0,4.0,0,10,14
65,64,59,29,1,203.45,3.45,0,11,0
65,64,59,29,1,203.45,3.45,0,11,1
65,64,59,29,1,203.45,3.45,0,11,4
65,64,59,29,1,203.45,3.45,0,11,9
65,65,35,22,2,159.09,9.09,0,11,10
65,65,35,22,2,159.09,9.09,0,11,17
65,65,35,22,2,159.09,9.09,0,11,19
65,74,62,43,0,144.19,0.0,0,10,2
65,74,62,43,0,144.19,0.0,0,10,4
65,74,62,43,0,144.19,0.0,0,10,10
65,74,62,43,0,144.19,0.0,0,10,19
65,74,62,43,0,144.19,0.0,0,10,20
65,75,43,47,0,91.49,0.0,0,11,7
65,75,43,47,0,91.49,0.0,0,11,10
65,75,43,47,0,91.49,0.0,0,11,18
65,75,43,47,0,91.49,0.0,0,11,19
65,80,38,24,0,158.33,0.0,0,8,7
65,80,38,24,0,158.33,0.0,0,8,10
65,87,33,21,2,157.14,9.52,0,10,3
65,87,33,21,2,157.14,9.52,0,10,7
65,87,33,21,2,157.14,9.52,0,10,10
66,7,48,21,0,228.57,0.0,1,10,2
66,7,48,21,0,228.57,0.0,1,10,9
66,7,48,21,0,228.57,0.0,1,10,13
66,7,48,21,0,228.57,0.0,1,10,19
66,8,42,37,2,113.51,5.41,1,3,10
66,8,42,37,2,113.51,5.41,1,3,11
66,8,42,37,2,113.51,5.41,1,3,13
66,8,42,37,2,113.51,5.41,1,3,15
66,8,42,37,2,113.51,5.41,1,3,17
66,8,42,37,2,113.51,5.41,1,3,19
66,9,29,24,3,120.83,12.5,1,6,2
66,9,29,24,3,120.83,12.5,1,6,3
66,9,29,24,3,120.83,12.5,1,6,10
66,9,29,24,3,120.83,12.5,1,6,18
66,9,29,24,3,120.83,12.5,1,6,19
66,15,37,40,0,92.5,0.0,1,8,7
66,15,37,40,0,92.5,0.0,1,8,10
66,15,37,40,0,92.5,0.0,1,8,13
66,15,37,40,0,92.5,0.0,1,8,19
66,15,37,40,0,92.5,0.0,1,8,20
66,21,45,35,0,128.57,0.0,1,11,6
66,21,45,35,0,128.57,0.0,1,11,9
66,21,45,35,0,128.57,0.0,1,11,10
66,21,45,35,0,128.57,0.0,1,11,11
66,21,45,35,0,128.57,0.0,1,11,13
66,21,45,35,0,128.57,0.0,1,11,16
66,21,45,35,0,128.57,0.0,1,11,19
66,22,33,26,0,126.92,0.0,1,4,11
66,22,33,26,0,126.92,0.0,1,4,15
66,22,33,26,0,126.92,0.0,1,4,17
66,30,41,24,1,170.83,4.17,1,7,3
66,30,41,24,1,170.83,4.17,1,7,19
66,30,41,24,1,170.83,4.17,1,7,20
66,34,62,33,1,187.88,3.03,1,6,10
66,34,62,33,1,187.88,3.03,1,6,11
66,34,62,33,1,187.88,3.03,1,6,13
66,34,62,33,1,187.88,3.03,1,6,14
66,34,62,33,1,187.88,3.03,1,6,18
66,35,42,24,1,175.0,4.17,1,7,10
66,35,42,24,1,175.0,4.17,1,7,14
66,35,42,24,1,175.0,4.17,1,7,17
66,41,45,21,1,214.29,4.76,1,2,16
66,41,45,21,1,214.29,4.76,1,2,17
66,41,45,21,1,214.29,4.76,1,2,19
66,52,48,21,1,228.57,4.76,1,6,6
66,52,48,21,1,228.57,4.76,1,6,9
66,52,48,21,1,228.57,4.76,1,6,13
66,52,48,21,1,228.57,4.76,1,6,14
66,52,48,21,1,228.57,4.76,1,6,19
66,59,55,43,2,127.91,4.65,1,5,10
66,59,55,43,2,127.91,4.65,1,5,14
66,59,55,43,2,127.91,4.65,1,5,19
66,61,44,38,2,115.79,5.26,1,6,10
66,61,44,38,2,115.79,5.26,1,6,13
66,61,44,38,2,115.79,5.26,1,6,16
66,61,44,38,2,115.79,5.26,1,6,19
66,65,58,36,0,161.11,0.0,1,11,4
66,65,58,36,0,161.11,0.0,1,11,10
66,65,58,36,0,161.11,0.0,1,11,18
66,65,58,36,0,161.11,0.0,1,11,19
66,66,45,27,2,166.67,7.41,1,4,12
66,66,45,27,2,166.67,7.41,1,4,14
66,66,45,27,2,166.67,7.41,1,4,19
66,67,34,26,2,130.77,7.69,1,4,0
66,67,34,26,2,130.77,7.69,1,4,4
66,67,34,26,2,130.77,7.69,1,4,10
66,67,34,26,2,130.77,7.69,1,4,19
66,68,37,27,0,137.04,0.0,1,8,13
66,68,37,27,0,137.04,0.0,1,8,15
66,68,37,27,0,137.04,0.0,1,8,19
66,73,54,24,1,225.0,4.17,1,3,11
66,73,54,24,1,225.0,4.17,1,3,15
66,73,54,24,1,225.0,4.17,1,3,19
66,75,57,45,0,126.67,0.0,1,11,7
66,75,57,45,0,126.67,0.0,1,11,13
66,75,57,45,0,126.67,0.0,1,11,19
66,75,57,45,0,126.67,0.0,1,11,20
66,88,43,29,2,148.28,6.9,1,10,14
66,88,43,29,2,148.28,6.9,1,10,17
66,88,43,29,2,148.28,6.9,1,10,19
66,91,58,42,2,138.1,4.76,1,8,4
66,91,58,42,2,138.1,4.76,1,8,6
66,91,58,42,2,138.1,4.76,1,8,10
66,91,58,42,2,138.1,4.76,1,8,14
66,91,58,42,2,138.1,4.76,1,8,19
67,91,60,29,0,206.9,0.0,0,8,1
67,91,60,29,0,206.9,0.0,0,8,8
67,91,60,29,0,206.9,0.0,0,8,10
67,91,60,29,0,206.9,0.0,0,8,11
68,8,47,33,1,142.42,3.03,0,3,1
68,8,47,33,1,142.42,3.03,0,3,8
68,8,47,33,1,142.42,3.03,0,3,11
68,8,47,33,1,142.42,3.03,0,3,17
68,8,47,33,1,142.42,3.03,0,3,19
68,10,34,20,1,170.0,5.0,0,9,13
68,10,34,20,1,170.0,5.0,0,9,16
68,10,34,20,1,170.0,5.0,0,9,17
68,21,55,41,1,134.15,2.44,0,11,6
68,21,55,41,1,134.15,2.44,0,11,9
68,21,55,41,1,134.15,2.44,0,11,11
68,21,55,41,1,134.15,2.44,0,11,14
68,21,55,41,1,134.15,2.44,0,11,16
68,21,55,41,1,134.15,2.44,0,11,19
68,48,27,24,0,112.5,0.0,0,11,3
68,48,27,24,0,112.5,0.0,0,11,6
68,48,27,24,0,112.5,0.0,0,11,7
68,48,27,24,0,112.5,0.0,0,11,10
68,48,27,24,0,112.5,0.0,0,11,17
68,52,47,32,2,146.88,6.25,0,6,6
68,52,47,32,2,146.88,6.25,0,6,9
68,52,47,32,2,146.88,6.25,0,6,14
68,52,47,32,2,146.88,6.25,0,6,17
68,52,47,32,2,146.88,6.25,0,6,19
68,70,48,38,1,126.32,2.63,0,8,4
68,70,48,38,1,126.32,2.63,0,8,7
68,70,48,38,1,126.32,2.63,0,8,14
68,70,48,38,1,126.32,2.63,0,8,17
68,73,46,21,2,219.05,9.52,0,3,1
68,73,46,21,2,219.05,9.52,0,3,8
68,73,46,21,2,219.05,9.52,0,3,11
68,81,29,20,2,145.0,10.0,0,3,13
68,81,29,20,2,145.0,10.0,0,3,16
68,81,29,20,2,145.0,10.0,0,3,17
69,52,31,25,1,124.0,4.0,0,6,7
69,52,31,25,1,124.0,4.0,0,6,9
69,52,31,25,1,124.0,4.0,0,6,18
69,61,47,22,2,213.64,9.09,0,6,0
69,61,47,22,2,213.64,9.09,0,6,7
69,61,47,22,2,213.64,9.09,0,6,10
69,61,47,22,2,213.64,9.09,0,6,14
69,65,73,41,1,178.05,2.44,0,11,7
69,65,73,41,1,178.05,2.44,0,11,10
69,65,73,41,1,178.05,2.44,0,11,18
69,71,43,21,1,204.76,4.76,0,10,5
69,71,43,21,1,204.76,4.76,0,10,7
69,72,37,21,1,176.19,4.76,0,8,2
69,72,37,21,1,176.19,4.76,0,8,13
69,92,34,24,1,141.67,4.17,0,2,4
69,92,34,24,1,141.67,4.17,0,2,7
69,92,34,24,1,141.67,4.17,0,2,9
70,3,55,37,0,148.65,0.0,1,4,3
70,3,55,37,0,148.65,0.0,1,4,7
70,3,55,37,0,148.65,0.0,1,4,19
70,29,22,22,0,100.0,0.0,1,6,7
70,29,22,22,0,100.0,0.0,1,6,14
70,29,22,22,0,100.0,0.0,1,6,17
70,29,22,22,0,100.0,0.0,1,6,18
70,34,38,20,0,190.0,0.0,1,6,7
70,34,38,20,0,190.0,0.0,1,6,14
70,34,38,20,0,190.0,0.0,1,6,19
70,38,50,34,3,147.06,8.82,1,0,3
70,38,50,34,3,147.06,8.82,1,0,7
70,38,50,34,3,147.06,8.82,1,0,17
70,38,50,34,3,147.06,8.82,1,0,19
70,44,51,22,0,231.82,0.0,1,6,3
70,44,51,22,0,231.82,0.0,1,6,14
70,44,51,22,0,231.82,0.0,1,6,19
70,65,36,24,0,150.0,0.0,1,11,3
70,65,36,24,0,150.0,0.0,1,11,19
70,67,27,24,0,112.5,0.0,1,4,10
70,67,27,24,0,112.5,0.0,1,4,19
70,70,31,22,0,140.91,0.0,1,8,6
70,70,31,22,0,140.91,0.0,1,8,14
70,74,33,25,0,132.0,0.0,1,10,2
70,74,33,25,0,132.0,0.0,1,10,3
70,74,33,25,0,132.0,0.0,1,10,6
70,74,33,25,0,132.0,0.0,1,10,10
70,74,33,25,0,132.0,0.0,1,10,19
70,82,45,32,1,140.62,3.12,1,2,3
70,82,45,32,1,140.62,3.12,1,2,14
70,82,45,32,1,140.62,3.12,1,2,17
70,82,45,32,1,140.62,3.12,1,2,18
70,82,45,32,1,140.62,3.12,1,2,19
70,91,25,24,2,104.17,8.33,1,8,3
70,91,25,24,2,104.17,8.33,1,8,6
70,91,25,24,2,104.17,8.33,1,8,7
70,91,25,24,2,104.17,8.33,1,8,19
71,8,66,37,1,178.38,2.7,1,3,1
71,8,66,37,1,178.38,2.7,1,3,6
71,8,66,37,1,178.38,2.7,1,3,8
71,8,66,37,1,178.38,2.7,1,3,11
71,8,66,37,1,178.38,2.7,1,3,19
71,9,28,25,0,112.0,0.0,1,6,3
71,9,28,25,0,112.0,0.0,1,6,19
71,9,28,25,0,112.0,0.0,1,6,20
71,10,30,31,2,96.77,6.45,1,9,0
71,10,30,31,2,96.77,6.45,1,9,6
71,10,30,31,2,96.77,6.45,1,9,13
71,10,30,31,2,96.77,6.45,1,9,16
71,10,30,31,2,96.77,6.45,1,9,17
71,15,39,24,0,162.5,0.0,1,8,3
71,15,39,24,0,162.5,0.0,1,8,7
71,15,39,24,0,162.5,0.0,1,8,19
71,21,25,21,2,119.05,9.52,1,11,6
71,21,25,21,2,119.05,9.52,1,11,9
71,21,25,21,2,119.05,9.52,1,11,13
71,21,25,21,2,119.05,9.52,1,11,14
71,21,25,21,2,119.05,9.52,1,11,16
71,29,18,20,0,90.0,0.0,1,6,0
71,29,18,20,0,90.0,0.0,1,6,4
71,29,18,20,0,90.0,0.0,1,6,17
71,29,18,20,0,90.0,0.0,1,6,19
71,30,21,21,2,100.0,9.52,1,7,3
71,30,21,21,2,100.0,9.52,1,7,6
71,30,21,21,2,100.0,9.52,1,7,19
71,34,26,20,2,130.0,10.0,1,6,11
71,34,26,20,2,130.0,10.0,1,6,19
71,34,26,20,2,130.0,10.0,1,6,20
71,36,33,28,1,117.86,3.57,1,4,0
71,36,33,28,1,117.86,3.57,1,4,2
71,36,33,28,1,117.86,3.57,1,4,17
71,37,74,55,1,134.55,1.82,1,2,0
71,37,74,55,1,134.55,1.82,1,2,1
71,37,74,55,1,134.55,1.82,1,2,17
71,37,74,55,1,134.55,1.82,1,2,19
71,49,23,24,0,95.83,0.0,1,10,0
71,49,23,24,0,95.83,0.0,1,10,14
71,49,23,24,0,95.83,0.0,1,10,17
71,51,59,32,0,184.38,0.0,1,6,7
71,51,59,32,0,184.38,0.0,1,6,14
71,51,59,32,0,184.38,0.0,1,6,16
71,51,59,32,0,184.38,0.0,1,6,17
71,51,59,32,0,184.38,0.0,1,6,19
71,52,21,24,1,87.5,4.17,1,6,13
71,52,21,24,1,87.5,4.17,1,6,14
71,52,21,24,1,87.5,4.17,1,6,17
71,52,21,24,1,87.5,4.17,1,6,19
71,53,45,23,0,195.65,0.0,1,2,2
71,53,45,23,0,195.65,0.0,1,2,3
71,53,45,23,0,195.65,0.0,1,2,17
71,55,43,23,1,186.96,4.35,1,10,0
71,55,43,23,1,186.96,4.35,1,10,1
71,55,43,23,1,186.96,4.35,1,10,17
71,64,38,32,3,118.75,9.38,1,11,9
71,64,38,32,3,118.75,9.38,1,11,13
71,64,38,32,3,118.75,9.38,1,11,14
71,64,38,32,3,118.75,9.38,1,11,19
71,65,27,20,1,135.0,5.0,1,11,0
71,65,27,20,1,135.0,5.0,1,11,1
71,65,27,20,1,135.0,5.0,1,11,20
71,67,22,29,1,75.86,3.45,1,4,0
71,67,22,29,1,75.86,3.45,1,4,10
71,67,22,29,1,75.86,3.45,1,4,17
71,67,22,29,1,75.86,3.45,1,4,20
71,70,77,56,0,137.5,0.0,1,8,0
71,70,77,56,0,137.5,0.0,1,8,6
71,70,77,56,0,137.5,0.0,1,8,7
71,70,77,56,0,137.5,0.0,1,8,14
71,70,77,56,0,137.5,0.0,1,8,17
71,72,49,25,0,196.0,0.0,1,8,2
71,72,49,25,0,196.0,0.0,1,8,3
71,72,49,25,0,196.0,0.0,1,8,17
71,72,49,25,0,196.0,0.0,1,8,19
71,74,31,20,1,155.0,5.0,1,10,4
71,74,31,20,1,155.0,5.0,1,10,7
71,74,31,20,1,155.0,5.0,1,10,10
71,74,31,20,1,155.0,5.0,1,10,19
71,74,31,20,1,155.0,5.0,1,10,20
71,75,27,37,0,72.97,0.0,1,11,3
71,75,27,37,0,72.97,0.0,1,11,7
71,75,27,37,0,72.97,0.0,1,11,19
71,79,28,23,1,121.74,4.35,1,6,3
71,79,28,23,1,121.74,4.35,1,6,10
71,79,28,23,1,121.74,4.35,1,6,16
71,81,31,22,1,140.91,4.55,1,3,10
71,81,31,22,1,140.91,4.55,1,3,13
71,81,31,22,1,140.91,4.55,1,3,16
71,81,31,22,1,140.91,4.55,1,3,17
71,85,40,26,0,153.85,0.0,1,6,3
71,85,40,26,0,153.85,0.0,1,6,17
71,85,40,26,0,153.85,0.0,1,6,19
71,91,31,20,0,155.0,0.0,1,8,6
71,91,31,20,0,155.0,0.0,1,8,11
71,91,31,20,0,155.0,0.0,1,8,17
71,91,31,20,0,155.0,0.0,1,8,19
71,93,50,22,0,227.27,0.0,1,10,2
71,93,50,22,0,227.27,0.0,1,10,17
72,10,34,20,1,170.0,5.0,1,9,9
72,10,34,20,1,170.0,5.0,1,9,11
72,10,34,20,1,170.0,5.0,1,9,14
72,32,45,24,0,187.5,0.0,1,7,9
72,32,45,24,0,187.5,0.0,1,7,11
72,32,45,24,0,187.5,0.0,1,7,14
72,32,45,24,0,187.5,0.0,1,7,19
72,59,41,26,0,157.69,0.0,1,5,10
72,59,41,26,0,157.69,0.0,1,5,11
72,59,41,26,0,157.69,0.0,1,5,14
72,67,25,21,1,119.05,4.76,1,4,8
72,67,25,21,1,119.05,4.76,1,4,10
72,67,25,21,1,119.05,4.76,1,4,11
73,3,65,48,0,135.42,0.0,1,4,0
73,3,65,48,0,135.42,0.0,1,4,13
73,3,65,48,0,135.42,0.0,1,4,14
73,3,65,48,0,135.42,0.0,1,4,18
73,8,51,41,1,124.39,2.44,1,3,3
73,8,51,41,1,124.39,2.44,1,3,6
73,8,51,41,1,124.39,2.44,1,3,11
73,8,51,41,1,124.39,2.44,1,3,14
73,8,51,41,1,124.39,2.44,1,3,15
73,9,65,51,4,127.45,7.84,1,6,2
73,9,65,51,4,127.45,7.84,1,6,13
73,9,65,51,4,127.45,7.84,1,6,14
73,9,65,51,4,127.45,7.84,1,6,17
73,9,65,51,4,127.45,7.84,1,6,18
73,10,45,44,3,102.27,6.82,1,9,4
73,10,45,44,3,102.27,6.82,1,9,6
73,10,45,44,3,102.27,6.82,1,9,9
73,10,45,44,3,102.27,6.82,1,9,10
73,10,45,44,3,102.27,6.82,1,9,14
73,10,45,44,3,102.27,6.82,1,9,19
73,15,42,27,0,155.56,0.0,1,8,7
73,15,42,27,0,155.56,0.0,1,8,14
73,20,18,20,1,90.0,5.0,1,10,14
73,20,18,20,1,90.0,5.0,1,10,19
73,21,61,47,1,129.79,2.13,1,11,3
73,21,61,47,1,129.79,2.13,1,11,9
73,21,61,47,1,129.79,2.13,1,11,11
73,21,61,47,1,129.79,2.13,1,11,14
73,21,61,47,1,129.79,2.13,1,11,18
73,21,61,47,1,129.79,2.13,1,11,20
73,22,36,28,0,128.57,0.0,1,4,11
73,22,36,28,0,128.57,0.0,1,4,14
73,22,36,28,0,128.57,0.0,1,4,15
73,24,29,22,1,131.82,4.55,1,6,14
73,28,31,27,0,114.81,0.0,1,3,14
73,28,31,27,0,114.81,0.0,1,3,16
73,28,31,27,0,114.81,0.0,1,3,18
73,28,31,27,0,114.81,0.0,1,3,19
73,29,19,23,2,82.61,8.7,1,6,3
73,29,19,23,2,82.61,8.7,1,6,10
73,29,19,23,2,82.61,8.7,1,6,19
73,29,19,23,2,82.61,8.7,1,6,20
73,33,34,22,1,154.55,4.55,1,4,3
73,33,34,22,1,154.55,4.55,1,4,14
73,34,76,55,2,138.18,3.64,1,6,3
73,34,76,55,2,138.18,3.64,1,6,4
73,34,76,55,2,138.18,3.64,1,6,11
73,34,76,55,2,138.18,3.64,1,6,14
73,34,76,55,2,138.18,3.64,1,6,15
73,34,76,55,2,138.18,3.64,1,6,18
73,36,43,39,1,110.26,2.56,1,4,2
73,36,43,39,1,110.26,2.56,1,4,10
73,36,43,39,1,110.26,2.56,1,4,13
73,36,43,39,1,110.26,2.56,1,4,14
73,38,42,25,0,168.0,0.0,1,0,0
73,38,42,25,0,168.0,0.0,1,0,13
73,41,38,34,0,111.76,0.0,1,2,4
73,41,38,34,0,111.76,0.0,1,2,10
73,41,38,34,0,111.76,0.0,1,2,14
73,41,38,34,0,111.76,0.0,1,2,19
73,45,32,23,1,139.13,4.35,1,11,10
73,45,32,23,1,139.13,4.35,1,11,14
73,45,32,23,1,139.13,4.35,1,11,17
73,47,43,27,0,159.26,0.0,1,4,14
73,47,43,27,0,159.26,0.0,1,4,19
73,51,45,26,1,173.08,3.85,1,6,6
73,51,45,26,1,173.08,3.85,1,6,14
73,51,45,26,1,173.08,3.85,1,6,16
73,52,52,43,1,120.93,2.33,1,6,3
73,52,52,43,1,120.93,2.33,1,6,9
73,52,52,43,1,120.93,2.33,1,6,10
73,52,52,43,1,120.93,2.33,1,6,14
73,52,52,43,1,120.93,2.33,1,6,18
73,52,52,43,1,120.93,2.33,1,6,20
73,56,30,29,1,103.45,3.45,1,2,0
73,56,30,29,1,103.45,3.45,1,2,10
73,56,30,29,1,103.45,3.45,1,2,13
73,56,30,29,1,103.45,3.45,1,2,18
73,56,30,29,1,103.45,3.45,1,2,19
73,62,45,24,1,187.5,4.17,1,8,14
73,63,32,24,1,133.33,4.17,1,6,0
73,63,32,24,1,133.33,4.17,1,6,13
73,63,32,24,1,133.33,4.17,1,6,19
73,67,63,45,1,140.0,2.22,1,4,6
73,67,63,45,1,140.0,2.22,1,4,10
73,67,63,45,1,140.0,2.22,1,4,14
73,68,48,29,1,165.52,3.45,1,8,3
73,68,48,29,1,165.52,3.45,1,8,10
73,68,48,29,1,165.52,3.45,1,8,15
73,74,46,37,0,124.32,0.0,1,10,2
73,74,46,37,0,124.32,0.0,1,10,6
73,74,46,37,0,124.32,0.0,1,10,13
73,74,46,37,0,124.32,0.0,1,10,14
73,75,35,25,2,140.0,8.0,1,11,7
73,75,35,25,2,140.0,8.0,1,11,14
73,76,29,33,2,87.88,6.06,1,10,4
73,76,29,33,2,87.88,6.06,1,10,10
73,76,29,33,2,87.88,6.06,1,10,14
73,76,29,33,2,87.88,6.06,1,10,17
73,77,28,22,1,127.27,4.55,1,4,3
73,77,28,22,1,127.27,4.55,1,4,14
73,77,28,22,1,127.27,4.55,1,4,19
73,81,43,24,0,179.17,0.0,1,3,0
73,81,43,24,0,179.17,0.0,1,3,10
73,81,43,24,0,179.17,0.0,1,3,14
73,81,43,24,0,179.17,0.0,1,3,19
73,82,60,51,1,117.65,1.96,1,2,7
73,82,60,51,1,117.65,1.96,1,2,12
73,82,60,51,1,117.65,1.96,1,2,14
73,82,60,51,1,117.65,1.96,1,2,17
73,82,60,51,1,117.65,1.96,1,2,19
73,82,60,51,1,117.65,1.96,1,2,20
73,84,60,38,2,157.89,5.26,1,10,10
73,84,60,38,2,157.89,5.26,1,10,14
73,87,37,24,1,154.17,4.17,1,10,3
73,87,37,24,1,154.17,4.17,1,10,7
73,91,58,48,3,120.83,6.25,1,8,4
73,91,58,48,3,120.83,6.25,1,8,7
73,91,58,48,3,120.83,6.25,1,8,14
73,91,58,48,3,120.83,6.25,1,8,17
73,91,58,48,3,120.83,6.25,1,8,20
73,94,35,22,0,159.09,0.0,1,4,14
73,94,35,22,0,159.09,0.0,1,4,16
74,76,54,23,1,234.78,4.35,1,10,0
74,76,54,23,1,234.78,4.35,1,10,17
75,73,41,20,0,205.0,0.0,1,3,10
75,73,41,20,0,205.0,0.0,1,3,11
75,73,41,20,0,205.0,0.0,1,3,15
75,73,41,20,0,205.0,0.0,1,3,19
76,0,34,22,1,154.55,4.55,0,9,10
76,0,34,22,1,154.55,4.55,0,9,19
76,9,44,20,1,220.0,5.0,0,6,10
76,9,44,20,1,220.0,5.0,0,6,16
76,17,22,20,0,110.0,0.0,0,9,10
76,17,22,20,0,110.0,0.0,0,9,16
76,17,22,20,0,110.0,0.0,0,9,19
76,76,25,23,1,108.7,4.35,0,10,10
76,76,25,23,1,108.7,4.35,0,10,16
76,82,27,27,1,100.0,3.7,0,2,10
76,82,27,27,1,100.0,3.7,0,2,16
76,82,27,27,1,100.0,3.7,0,2,19
76,89,29,21,2,138.1,9.52,0,11,9
76,89,29,21,2,138.1,9.52,0,11,16
76,89,29,21,2,138.1,9.52,0,11,19
76,91,48,22,1,218.18,4.55,0,8,10
76,91,48,22,1,218.18,4.55,0,8,16
77,7,31,20,1,155.0,5.0,0,10,2
77,7,31,20,1,155.0,5.0,0,10,9
77,7,31,20,1,155.0,5.0,0,10,13
77,7,31,20,1,155.0,5.0,0,10,19
77,9,30,24,0,125.0,0.0,0,6,2
77,9,30,24,0,125.0,0.0,0,6,3
77,9,30,24,0,125.0,0.0,0,6,17
77,9,30,24,0,125.0,0.0,0,6,19
77,15,32,22,1,145.45,4.55,0,8,7
77,15,32,22,1,145.45,4.55,0,8,13
77,15,32,22,1,145.45,4.55,0,8,19
77,21,38,22,0,172.73,0.0,0,11,9
77,21,38,22,0,172.73,0.0,0,11,11
77,21,38,22,0,172.73,0.0,0,11,19
77,38,64,45,0,142.22,0.0,0,0,0
77,38,64,45,0,142.22,0.0,0,0,3
77,38,64,45,0,142.22,0.0,0,0,19
77,42,37,24,0,154.17,0.0,0,8,16
77,52,25,20,1,125.0,5.0,0,6,9
77,52,25,20,1,125.0,5.0,0,6,12
77,52,25,20,1,125.0,5.0,0,6,14
77,52,25,20,1,125.0,5.0,0,6,19
77,61,34,25,1,136.0,4.0,0,6,4
77,61,34,25,1,136.0,4.0,0,6,13
77,61,34,25,1,136.0,4.0,0,6,16
77,61,34,25,1,136.0,4.0,0,6,19
77,65,60,50,1,120.0,2.0,0,11,4
77,65,60,50,1,120.0,2.0,0,11,10
77,65,60,50,1,120.0,2.0,0,11,17
77,65,60,50,1,120.0,2.0,0,11,19
77,67,49,37,1,132.43,2.7,0,4,4
77,67,49,37,1,132.43,2.7,0,4,10
77,67,49,37,1,132.43,2.7,0,4,19
77,70,26,26,2,100.0,7.69,0,8,3
77,70,26,26,2,100.0,7.69,0,8,12
77,70,26,26,2,100.0,7.69,0,8,14
77,70,26,26,2,100.0,7.69,0,8,19
77,72,49,30,1,163.33,3.33,0,8,2
77,72,49,30,1,163.33,3.33,0,8,3
77,72,49,30,1,163.33,3.33,0,8,10
77,72,49,30,1,163.33,3.33,0,8,19
77,80,22,20,1,110.0,5.0,0,8,19
77,82,34,33,0,103.03,0.0,0,2,4
77,82,34,33,0,103.03,0.0,0,2,17
77,82,34,33,0,103.03,0.0,0,2,19
77,91,72,45,1,160.0,2.22,0,8,4
77,91,72,45,1,160.0,2.22,0,8,14
77,91,72,45,1,160.0,2.22,0,8,17
77,91,72,45,1,160.0,2.22,0,8,19
78,3,33,30,0,110.0,0.0,1,4,0
78,3,33,30,0,110.0,0.0,1,4,9
78,3,33,30,0,110.0,0.0,1,4,19
78,9,75,46,3,163.04,6.52,1,6,2
78,9,75,46,3,163.04,6.52,1,6,6
78,9,75,46,3,163.04,6.52,1,6,7
78,9,75,46,3,163.04,6.52,1,6,9
78,9,75,46,3,163.04,6.52,1,6,14
78,9,75,46,3,163.04,6.52,1,6,17
78,10,65,38,2,171.05,5.26,1,9,9
78,10,65,38,2,171.05,5.26,1,9,10
78,10,65,38,2,171.05,5.26,1,9,16
78,10,65,38,2,171.05,5.26,1,9,20
78,15,40,32,1,125.0,3.12,1,8,7
78,15,40,32,1,125.0,3.12,1,8,9
78,15,40,32,1,125.0,3.12,1,8,10
78,15,40,32,1,125.0,3.12,1,8,18
78,15,40,32,1,125.0,3.12,1,8,20
78,17,34,25,0,136.0,0.0,1,9,10
78,17,34,25,0,136.0,0.0,1,9,18
78,17,34,25,0,136.0,0.0,1,9,19
78,21,37,23,1,160.87,4.35,1,11,2
78,21,37,23,1,160.87,4.35,1,11,8
78,21,37,23,1,160.87,4.35,1,11,9
78,22,74,68,2,108.82,2.94,1,4,3
78,22,74,68,2,108.82,2.94,1,4,4
78,22,74,68,2,108.82,2.94,1,4,9
78,22,74,68,2,108.82,2.94,1,4,11
78,22,74,68,2,108.82,2.94,1,4,14
78,22,74,68,2,108.82,2.94,1,4,15
78,22,74,68,2,108.82,2.94,1,4,18
78,23,33,24,1,137.5,4.17,1,7,7
78,23,33,24,1,137.5,4.17,1,7,9
78,24,36,22,1,163.64,4.55,1,6,0
78,24,36,22,1,163.64,4.55,1,6,9
78,24,36,22,1,163.64,4.55,1,6,14
78,27,45,33,1,136.36,3.03,1,6,9
78,27,45,33,1,136.36,3.03,1,6,17
78,28,30,30,1,100.0,3.33,1,3,2
78,28,30,30,1,100.0,3.33,1,3,9
78,28,30,30,1,100.0,3.33,1,3,13
78,28,30,30,1,100.0,3.33,1,3,16
78,29,35,23,2,152.17,8.7,1,6,6
78,29,35,23,2,152.17,8.7,1,6,10
78,29,35,23,2,152.17,8.7,1,6,13
78,29,35,23,2,152.17,8.7,1,6,19
78,36,58,56,0,103.57,0.0,1,4,2
78,36,58,56,0,103.57,0.0,1,4,6
78,36,58,56,0,103.57,0.0,1,4,7
78,36,58,56,0,103.57,0.0,1,4,9
78,36,58,56,0,103.57,0.0,1,4,10
78,37,35,21,0,166.67,0.0,1,2,0
78,37,35,21,0,166.67,0.0,1,2,9
78,37,35,21,0,166.67,0.0,1,2,10
78,37,35,21,0,166.67,0.0,1,2,19
78,38,38,29,0,131.03,0.0,1,0,0
78,38,38,29,0,131.03,0.0,1,0,9
78,39,24,21,0,114.29,0.0,1,6,3
78,39,24,21,0,114.29,0.0,1,6,18
78,39,24,21,0,114.29,0.0,1,6,19
78,41,26,20,1,130.0,5.0,1,2,3
78,41,26,20,1,130.0,5.0,1,2,10
78,41,26,20,1,130.0,5.0,1,2,11
78,45,28,23,0,121.74,0.0,1,11,4
78,45,28,23,0,121.74,0.0,1,11,9
78,45,28,23,0,121.74,0.0,1,11,10
78,45,28,23,0,121.74,0.0,1,11,13
78,45,28,23,0,121.74,0.0,1,11,17
78,46,59,32,0,184.38,0.0,1,1,0
78,46,59,32,0,184.38,0.0,1,1,7
78,46,59,32,0,184.38,0.0,1,1,9
78,47,32,23,1,139.13,4.35,1,4,9
78,47,32,23,1,139.13,4.35,1,4,19
78,51,63,49,1,128.57,2.04,1,6,3
78,51,63,49,1,128.57,2.04,1,6,9
78,51,63,49,1,128.57,2.04,1,6,14
78,51,63,49,1,128.57,2.04,1,6,18
78,51,63,49,1,128.57,2.04,1,6,19
78,59,63,45,2,140.0,4.44,1,5,9
78,59,63,45,2,140.0,4.44,1,5,10
78,59,63,45,2,140.0,4.44,1,5,14
78,64,27,20,0,135.0,0.0,1,11,9
78,64,27,20,0,135.0,0.0,1,11,17
78,65,21,26,0,80.77,0.0,1,11,10
78,65,21,26,0,80.77,0.0,1,11,14
78,65,21,26,0,80.77,0.0,1,11,17
78,66,27,24,0,112.5,0.0,1,4,14
78,66,27,24,0,112.5,0.0,1,4,19
78,67,56,47,0,119.15,0.0,1,4,9
78,67,56,47,0,119.15,0.0,1,4,10
78,67,56,47,0,119.15,0.0,1,4,13
78,67,56,47,0,119.15,0.0,1,4,18
78,68,37,35,0,105.71,0.0,1,8,4
78,68,37,35,0,105.71,0.0,1,8,6
78,68,37,35,0,105.71,0.0,1,8,8
78,68,37,35,0,105.71,0.0,1,8,9
78,68,37,35,0,105.71,0.0,1,8,10
78,68,37,35,0,105.71,0.0,1,8,15
78,70,68,50,1,136.0,2.0,1,8,3
78,70,68,50,1,136.0,2.0,1,8,9
78,70,68,50,1,136.0,2.0,1,8,10
78,70,68,50,1,136.0,2.0,1,8,14
78,70,68,50,1,136.0,2.0,1,8,19
78,72,24,34,1,70.59,2.94,1,8,2
78,72,24,34,1,70.59,2.94,1,8,7
78,72,24,34,1,70.59,2.94,1,8,9
78,72,24,34,1,70.59,2.94,1,8,14
78,72,24,34,1,70.59,2.94,1,8,18
78,73,70,45,2,155.56,4.44,1,3,8
78,73,70,45,2,155.56,4.44,1,3,9
78,73,70,45,2,155.56,4.44,1,3,10
78,73,70,45,2,155.56,4.44,1,3,15
78,73,70,45,2,155.56,4.44,1,3,19
78,75,37,35,2,105.71,5.71,1,11,7
78,75,37,35,2,105.71,5.71,1,11,9
78,75,37,35,2,105.71,5.71,1,11,18
78,76,59,34,0,173.53,0.0,1,10,4
78,76,59,34,0,173.53,0.0,1,10,9
78,76,59,34,0,173.53,0.0,1,10,14
78,76,59,34,0,173.53,0.0,1,10,17
78,81,53,29,0,182.76,0.0,1,3,9
78,81,53,29,0,182.76,0.0,1,3,10
78,81,53,29,0,182.76,0.0,1,3,16
78,82,55,46,1,119.57,2.17,1,2,6
78,82,55,46,1,119.57,2.17,1,2,9
78,82,55,46,1,119.57,2.17,1,2,10
78,82,55,46,1,119.57,2.17,1,2,13
78,82,55,46,1,119.57,2.17,1,2,14
78,82,55,46,1,119.57,2.17,1,2,17
78,82,55,46,1,119.57,2.17,1,2,19
78,91,63,48,1,131.25,2.08,1,8,11
78,91,63,48,1,131.25,2.08,1,8,14
78,91,63,48,1,131.25,2.08,1,8,17
78,91,63,48,1,131.25,2.08,1,8,19
78,92,48,26,0,184.62,0.0,1,2,9
78,92,48,26,0,184.62,0.0,1,2,19
79,38,31,24,1,129.17,4.17,1,0,0
79,38,31,24,1,129.17,4.17,1,0,10
79,38,31,24,1,129.17,4.17,1,0,13
80,3,26,24,2,108.33,8.33,1,4,0
80,3,26,24,2,108.33,8.33,1,4,7
80,3,26,24,2,108.33,8.33,1,4,18
80,3,26,24,2,108.33,8.33,1,4,19
80,10,49,37,0,132.43,0.0,1,9,3
80,10,49,37,0,132.43,0.0,1,9,6
80,10,49,37,0,132.43,0.0,1,9,7
80,10,49,37,0,132.43,0.0,1,9,10
80,10,49,37,0,132.43,0.0,1,9,13
80,10,49,37,0,132.43,0.0,1,9,14
80,17,31,24,2,129.17,8.33,1,9,21
80,21,30,30,3,100.0,10.0,1,11,7
80,21,30,30,3,100.0,10.0,1,11,9
80,21,30,30,3,100.0,10.0,1,11,18
80,21,30,30,3,100.0,10.0,1,11,20
80,29,33,28,2,117.86,7.14,1,6,4
80,29,33,28,2,117.86,7.14,1,6,7
80,29,33,28,2,117.86,7.14,1,6,13
80,29,33,28,2,117.86,7.14,1,6,19
80,29,33,28,2,117.86,7.14,1,6,20
80,52,31,37,0,83.78,0.0,1,6,4
80,52,31,37,0,83.78,0.0,1,6,7
80,52,31,37,0,83.78,0.0,1,6,9
80,52,31,37,0,83.78,0.0,1,6,18
80,52,31,37,0,83.78,0.0,1,6,20
80,58,33,21,0,157.14,0.0,1,7,6
80,58,33,21,0,157.14,0.0,1,7,7
80,58,33,21,0,157.14,0.0,1,7,15
80,62,18,22,1,81.82,4.55,1,8,7
80,62,18,22,1,81.82,4.55,1,8,19
80,65,36,32,0,112.5,0.0,1,11,3
80,65,36,32,0,112.5,0.0,1,11,7
80,65,36,32,0,112.5,0.0,1,11,18
80,68,26,25,1,104.0,4.0,1,8,7
80,68,26,25,1,104.0,4.0,1,8,15
80,68,26,25,1,104.0,4.0,1,8,20
80,70,32,28,1,114.29,3.57,1,8,4
80,70,32,28,1,114.29,3.57,1,8,7
80,70,32,28,1,114.29,3.57,1,8,14
80,72,30,28,1,107.14,3.57,1,8,6
80,72,30,28,1,107.14,3.57,1,8,7
80,82,19,21,0,90.48,0.0,1,2,3
80,82,19,21,0,90.48,0.0,1,2,7
80,82,19,21,0,90.48,0.0,1,2,19
80,82,19,21,0,90.48,0.0,1,2,20
80,91,39,20,2,195.0,10.0,1,8,3
80,91,39,20,2,195.0,10.0,1,8,7
80,91,39,20,2,195.0,10.0,1,8,11
80,91,39,20,2,195.0,10.0,1,8,18
80,91,39,20,2,195.0,10.0,1,8,20
81,70,40,22,1,181.82,4.55,1,8,14
81,70,40,22,1,181.82,4.55,1,8,19
82,8,42,27,2,155.56,7.41,1,3,11
82,8,42,27,2,155.56,7.41,1,3,14
82,8,42,27,2,155.56,7.41,1,3,15
82,8,42,27,2,155.56,7.41,1,3,18
82,17,67,52,3,128.85,5.77,1,9,10
82,17,67,52,3,128.85,5.77,1,9,14
82,17,67,52,3,128.85,5.77,1,9,18
82,37,37,29,1,127.59,3.45,1,2,0
82,37,37,29,1,127.59,3.45,1,2,14
82,52,17,30,3,56.67,10.0,1,6,3
82,52,17,30,3,56.67,10.0,1,6,9
82,52,17,30,3,56.67,10.0,1,6,10
82,53,32,20,1,160.0,5.0,1,2,13
82,53,32,20,1,160.0,5.0,1,2,14
82,54,26,21,0,123.81,0.0,1,3,13
82,54,26,21,0,123.81,0.0,1,3,19
82,67,27,22,2,122.73,9.09,1,4,13
82,67,27,22,2,122.73,9.09,1,4,14
82,67,27,22,2,122.73,9.09,1,4,18
82,72,20,23,0,86.96,0.0,1,8,2
82,72,20,23,0,86.96,0.0,1,8,14
82,72,20,23,0,86.96,0.0,1,8,18
82,85,22,23,1,95.65,4.35,1,6,4
82,85,22,23,1,95.65,4.35,1,6,14
83,5,30,22,0,136.36,0.0,0,8,6
83,5,30,22,0,136.36,0.0,0,8,16
83,8,58,39,2,148.72,5.13,0,3,1
83,8,58,39,2,148.72,5.13,0,3,6
83,8,58,39,2,148.72,5.13,0,3,8
83,8,58,39,2,148.72,5.13,0,3,11
83,8,58,39,2,148.72,5.13,0,3,17
83,8,58,39,2,148.72,5.13,0,3,19
83,15,24,20,0,120.0,0.0,0,8,1
83,15,24,20,0,120.0,0.0,0,8,7
83,15,24,20,0,120.0,0.0,0,8,19
83,37,58,30,2,193.33,6.67,0,2,0
83,37,58,30,2,193.33,6.67,0,2,1
83,37,58,30,2,193.33,6.67,0,2,17
83,41,56,30,1,186.67,3.33,0,2,11
83,41,56,30,1,186.67,3.33,0,2,16
83,41,56,30,1,186.67,3.33,0,2,17
83,48,21,23,2,91.3,8.7,0,11,1
83,48,21,23,2,91.3,8.7,0,11,3
83,48,21,23,2,91.3,8.7,0,11,7
83,48,21,23,2,91.3,8.7,0,11,17
83,50,26,20,2,130.0,10.0,0,9,2
83,50,26,20,2,130.0,10.0,0,9,3
83,50,26,20,2,130.0,10.0,0,9,11
83,50,26,20,2,130.0,10.0,0,9,17
83,51,38,33,0,115.15,0.0,0,6,6
83,51,38,33,0,115.15,0.0,0,6,7
83,51,38,33,0,115.15,0.0,0,6,14
83,51,38,33,0,115.15,0.0,0,6,16
83,51,38,33,0,115.15,0.0,0,6,17
83,52,60,48,1,125.0,2.08,0,6,6
83,52,60,48,1,125.0,2.08,0,6,9
83,52,60,48,1,125.0,2.08,0,6,14
83,52,60,48,1,125.0,2.08,0,6,17
83,52,60,48,1,125.0,2.08,0,6,19
83,53,31,20,1,155.0,5.0,0,2,2
83,53,31,20,1,155.0,5.0,0,2,3
83,53,31,20,1,155.0,5.0,0,2,17
83,62,46,23,0,200.0,0.0,0,8,17
83,62,46,23,0,200.0,0.0,0,8,19
83,68,37,23,1,160.87,4.35,0,8,0
83,68,37,23,1,160.87,4.35,0,8,8
83,68,37,23,1,160.87,4.35,0,8,19
83,69,45,20,0,225.0,0.0,0,6,19
83,70,21,21,1,100.0,4.76,0,8,0
83,70,21,21,1,100.0,4.76,0,8,6
83,70,21,21,1,100.0,4.76,0,8,17
83,73,45,31,1,145.16,3.23,0,3,1
83,73,45,31,1,145.16,3.23,0,3,8
83,73,45,31,1,145.16,3.23,0,3,11
83,73,45,31,1,145.16,3.23,0,3,20
83,74,45,22,0,204.55,0.0,0,10,4
83,74,45,22,0,204.55,0.0,0,10,7
83,74,45,22,0,204.55,0.0,0,10,10
83,74,45,22,0,204.55,0.0,0,10,17
83,74,45,22,0,204.55,0.0,0,10,20
83,76,53,31,1,170.97,3.23,0,10,0
83,76,53,31,1,170.97,3.23,0,10,6
83,76,53,31,1,170.97,3.23,0,10,19
83,92,61,32,2,190.62,6.25,0,2,7
83,92,61,32,2,190.62,6.25,0,2,9
83,92,61,32,2,190.62,6.25,0,2,14
83,92,61,32,2,190.62,6.25,0,2,17
